,column,missing_count_death_in_study_False,missing_prop_death_in_study_False,missing_count_death_in_study_True,missing_prop_death_in_study_True,test_type,p_value,death_in_study_False_summary,death_in_study_True_summary
0,gender,18,0.001180482686253935,2,0.002285714285714286,chi2,0.8054203099836936,"{2.0: 0.6038824763903463, 1.0: 0.39493704092339976, nan: 0.001180482686253935}","{2.0: 0.608, 1.0: 0.38971428571428574, nan: 0.002285714285714286}"
1,country,9,0.0005902413431269675,0,0.0,chi2,0.9835380737446446,"{12.0: 0.9986227701993704, nan: 0.0005902413431269675, 149.0: 0.0003279118572927597, 150.0: 0.00026232948583420777, 234.0: 6.558237145855194e-05, 68.0: 6.558237145855194e-05, 196.0: 6.558237145855194e-05}",{12.0: 1.0}
2,age,24,0.0015739769150052466,0,0.0,t-test,1.8555724977813093e-16,"{'count': 15224.0, 'mean': 81.47858644245927, 'std': 7.124492484867512, 'min': 24.0, '25%': 77.0, '50%': 82.0, '75%': 86.0, 'max': 105.0}","{'count': 875.0, 'mean': 83.51085714285715, 'std': 6.96974885846319, 'min': 51.0, '25%': 80.0, '50%': 84.0, '75%': 88.0, 'max': 101.0}"
3,hospital_state,6,0.00039349422875131166,0,0.0,chi2,6.934606065460265e-05,"{2.0: 0.2828567681007345, 1.0: 0.28226652675760755, 3.0: 0.24652413431269674, 5.0: 0.09627492130115425, 4.0: 0.08178121720881427, 6.0: 0.009837355718782791, nan: 0.00039349422875131166, 8.0: 6.558237145855194e-05}","{2.0: 0.2925714285714286, 1.0: 0.2925714285714286, 3.0: 0.2651428571428571, 4.0: 0.09028571428571429, 5.0: 0.05142857142857143, 6.0: 0.006857142857142857, 8.0: 0.001142857142857143}"
4,residential_loc_pre,858,0.05626967471143757,65,0.07428571428571429,chi2,3.162617804591015e-05,"{2.0: 0.6101783840503673, 1.0: 0.30876180482686255, nan: 0.05626967471143757, 3.0: 0.024790136411332635}","{2.0: 0.5897142857142857, 1.0: 0.28685714285714287, nan: 0.07428571428571429, 3.0: 0.04914285714285714}"
5,race,668,0.043809024134312695,32,0.036571428571428574,chi2,0.39248210896589264,"{1.0: 0.8972980062959076, 5.0: 0.045186253934942286, nan: 0.043809024134312695, 2.0: 0.009247114375655823, 3.0: 0.003475865687303253, 4.0: 0.000983735571878279}","{1.0: 0.888, 5.0: 0.05942857142857143, nan: 0.036571428571428574, 2.0: 0.011428571428571429, 3.0: 0.0034285714285714284, 4.0: 0.001142857142857143}"
6,insurance,39,0.002557712486883526,1,0.001142857142857143,chi2,0.003265011142767873,"{3.0: 0.6232948583420777, 2.0: 0.33197796432318993, 1.0: 0.0373819517313746, 4.0: 0.004787513116474291, nan: 0.002557712486883526}","{3.0: 0.6148571428571429, 2.0: 0.32571428571428573, 1.0: 0.05828571428571429, nan: 0.001142857142857143}"
7,cad,50,0.003279118572927597,1,0.001142857142857143,chi2,0.15067242344582457,"{1.0: 0.6207371458551941, 0.0: 0.37598373557187825, nan: 0.003279118572927597}","{1.0: 0.6468571428571429, 0.0: 0.352, nan: 0.001142857142857143}"
8,prior_acute_mi,88,0.005771248688352571,2,0.002285714285714286,chi2,0.0007482597265955776,"{0.0: 0.8626705141657922, 1.0: 0.13155823714585518, nan: 0.005771248688352571}","{0.0: 0.8251428571428572, 1.0: 0.17257142857142857, nan: 0.002285714285714286}"
9,prior_cardio_surg,73,0.004787513116474291,2,0.002285714285714286,chi2,0.2835586984125268,"{1.0: 0.7820041972717734, 2.0: 0.19530430220356768, 3.0: 0.015477439664218258, nan: 0.004787513116474291, 4.0: 0.0016395592864637985, 5.0: 0.0007869884575026233}","{1.0: 0.776, 2.0: 0.19885714285714284, 3.0: 0.022857142857142857, nan: 0.002285714285714286}"
10,prior_pci,58,0.0038037775445960128,1,0.001142857142857143,chi2,0.1993816996910577,"{0.0: 0.7370802728226653, 1.0: 0.2591159496327387, nan: 0.0038037775445960128}","{0.0: 0.7188571428571429, 1.0: 0.28, nan: 0.001142857142857143}"
11,prior_cabg,38,0.002492130115424974,4,0.004571428571428572,chi2,0.11610251875182323,"{0.0: 0.8448976915005246, 1.0: 0.15261017838405036, nan: 0.002492130115424974}","{0.0: 0.8228571428571428, 1.0: 0.17257142857142857, nan: 0.004571428571428572}"
12,prior_valve_replace,42,0.0027544596012591817,1,0.001142857142857143,chi2,0.6312896793180878,"{0.0: 0.9332371458551941, 1.0: 0.06400839454354669, nan: 0.0027544596012591817}","{0.0: 0.9394285714285714, 1.0: 0.05942857142857143, nan: 0.001142857142857143}"
13,prior_tavi,37,0.0024265477439664217,0,0.0,chi2,1.0,"{0.0: 0.9950813221406086, 1.0: 0.002492130115424974, nan: 0.0024265477439664217}","{0.0: 0.9977142857142857, 1.0: 0.002285714285714286}"
14,prior_bav,44,0.0028856243441762854,2,0.002285714285714286,chi2,2.939393897482815e-15,"{0.0: 0.9421563483735572, 1.0: 0.05495802728226653, nan: 0.0028856243441762854}","{0.0: 0.8777142857142857, 1.0: 0.12, nan: 0.002285714285714286}"
15,prior_af,59,0.0038693599160545644,3,0.0034285714285714284,chi2,2.309060985045296e-16,"{0.0: 0.6778593913955928, 1.0: 0.31827124868835255, nan: 0.0038693599160545644}","{0.0: 0.544, 1.0: 0.45257142857142857, nan: 0.0034285714285714284}"
16,prior_generator,37,0.0024265477439664217,2,0.002285714285714286,chi2,0.0017078270889528064,"{0.0: 0.8507345225603358, 1.0: 0.14683892969569778, nan: 0.0024265477439664217}","{0.0: 0.8114285714285714, 1.0: 0.18628571428571428, nan: 0.002285714285714286}"
17,porcelain_aorta,54,0.003541448058761805,6,0.006857142857142857,chi2,0.4877445812498037,"{0.0: 0.9763903462749213, 1.0: 0.020068205666316893, nan: 0.003541448058761805}","{0.0: 0.9691428571428572, 1.0: 0.024, nan: 0.006857142857142857}"
18,prior_ccf,982,0.06440188877229801,73,0.08342857142857144,chi2,1.537732129522092e-23,"{0.0: 0.6545120671563484, 1.0: 0.2810860440713536, nan: 0.06440188877229801}","{0.0: 0.4868571428571429, 1.0: 0.4297142857142857, nan: 0.08342857142857144}"
19,prior_stroke,38,0.002492130115424974,4,0.004571428571428572,chi2,0.056243631649770226,"{0.0: 0.9249737670514165, 1.0: 0.07253410283315845, nan: 0.002492130115424974}","{0.0: 0.9051428571428571, 1.0: 0.09028571428571429, nan: 0.004571428571428572}"
20,prior_tia,69,0.004525183630640084,4,0.004571428571428572,chi2,0.26207207001242283,"{0.0: 0.9292366211962224, 1.0: 0.06623819517313746, nan: 0.004525183630640084}","{0.0: 0.9188571428571428, 1.0: 0.07657142857142857, nan: 0.004571428571428572}"
21,prior_carotid_sten,110,0.007214060860440714,5,0.005714285714285714,chi2,0.0029370371828414316,"{5.0: 0.46799580272822666, 1.0: 0.4224816369359916, 4.0: 0.06328698845750262, 3.0: 0.019740293809024135, 2.0: 0.01928121720881427, nan: 0.007214060860440714}","{5.0: 0.5211428571428571, 1.0: 0.3565714285714286, 4.0: 0.07542857142857143, 2.0: 0.022857142857142857, 3.0: 0.018285714285714287, nan: 0.005714285714285714}"
22,prior_pad,83,0.005443336831059811,5,0.005714285714285714,chi2,5.1725044826294634e-14,"{0.0: 0.8613588667366212, 1.0: 0.133197796432319, nan: 0.005443336831059811}","{0.0: 0.7702857142857142, 1.0: 0.224, nan: 0.005714285714285714}"
23,smoker,64,0.004197271773347324,6,0.006857142857142857,chi2,0.6592233099427511,"{0.0: 0.9636017838405037, 1.0: 0.032200944386149004, nan: 0.004197271773347324}","{0.0: 0.9577142857142857, 1.0: 0.03542857142857143, nan: 0.006857142857142857}"
24,chronic_lung,324,0.02124868835257083,9,0.010285714285714285,chi2,1.275259140955667e-19,"{1.0: 0.683696222455404, 2.0: 0.16966159496327388, 3.0: 0.09096274921301155, 4.0: 0.03443074501573977, nan: 0.02124868835257083}","{1.0: 0.56, 2.0: 0.2057142857142857, 3.0: 0.14857142857142858, 4.0: 0.07542857142857143, nan: 0.010285714285714285}"
25,hostile_chest,59,0.0038693599160545644,5,0.005714285714285714,chi2,0.00014729464380493072,"{0.0: 0.953895592864638, 1.0: 0.04223504721930745, nan: 0.0038693599160545644}","{0.0: 0.9245714285714286, 1.0: 0.06971428571428571, nan: 0.005714285714285714}"
26,hypertension,28,0.0018363064008394543,0,0.0,chi2,0.21618284913229618,"{1.0: 0.771511017838405, 0.0: 0.2266526757607555, nan: 0.0018363064008394543}","{1.0: 0.7542857142857143, 0.0: 0.24571428571428572}"
27,diabetes,34,0.002229800629590766,1,0.001142857142857143,chi2,0.8601797647903137,"{0.0: 0.7145855194123819, 1.0: 0.28318467995802726, nan: 0.002229800629590766}","{0.0: 0.712, 1.0: 0.28685714285714287, nan: 0.001142857142857143}"
28,ckd,1007,0.0660414480587618,77,0.088,chi2,7.634217404337403e-16,"{0.0: 0.5766002098635886, 1.0: 0.35735834207764955, nan: 0.0660414480587618}","{1.0: 0.48, 0.0: 0.432, nan: 0.088}"
29,dialysis,33,0.0021642182581322143,3,0.0034285714285714284,chi2,2.037942217481925e-08,"{0.0: 0.980390870933893, 1.0: 0.017444910807974816, nan: 0.0021642182581322143}","{0.0: 0.952, 1.0: 0.044571428571428574, nan: 0.0034285714285714284}"
30,prior_radiotherapy,62,0.00406610703043022,4,0.004571428571428572,chi2,0.004712398360617968,"{0.0: 0.9403856243441763, 1.0: 0.05554826862539349, nan: 0.00406610703043022}","{0.0: 0.9165714285714286, 1.0: 0.07885714285714286, nan: 0.004571428571428572}"
31,long_term_steroid,982,0.06440188877229801,73,0.08342857142857144,chi2,1.3847845142763902e-08,"{0.0: 0.8740818467995802, nan: 0.06440188877229801, 1.0: 0.06151626442812172}","{0.0: 0.808, 1.0: 0.10857142857142857, nan: 0.08342857142857144}"
32,meds_ACE_ARB,0,0.0,0,0.0,chi2,2.994623142565898e-05,"{0: 0.5478095487932844, 1: 0.45219045120671564}","{0: 0.6205714285714286, 1: 0.37942857142857145}"
33,meds_xa_inibitor,0,0.0,0,0.0,chi2,1.0,"{0: 0.9929826862539349, 1: 0.007017313746065058}","{0: 0.9931428571428571, 1: 0.006857142857142857}"
34,meds_aspirin,0,0.0,0,0.0,chi2,0.001739098016997184,"{1: 0.6303777544596013, 0: 0.36962224554039874}","{1: 0.5771428571428572, 0: 0.4228571428571429}"
35,meds_p2y12,0,0.0,0,0.0,chi2,0.16623339241410556,"{0: 0.6844832109129066, 1: 0.3155167890870934}","{0: 0.7074285714285714, 1: 0.2925714285714286}"
36,meds_beta_blocker,0,0.0,0,0.0,chi2,0.42050084989712133,"{0: 0.6844832109129066, 1: 0.3155167890870934}","{0: 0.6708571428571428, 1: 0.3291428571428571}"
37,meds_warfarin,0,0.0,0,0.0,chi2,0.00013920483190163683,"{0: 0.9789480587618048, 1: 0.021051941238195173}","{0: 0.9588571428571429, 1: 0.04114285714285714}"
38,meds_doac,0,0.0,0,0.0,chi2,0.5909572559434283,"{0: 0.8887722980062959, 1: 0.11122770199370409}","{0: 0.8822857142857143, 1: 0.11771428571428572}"
39,meds_statins,0,0.0,0,0.0,chi2,5.817849568919539e-05,"{1: 0.5625655823714586, 0: 0.43743441762854146}","{0: 0.5074285714285715, 1: 0.49257142857142855}"
40,meds_diuretics,0,0.0,0,0.0,chi2,4.843251383459853e-13,"{0: 0.7229800629590766, 1: 0.2770199370409234}","{0: 0.6091428571428571, 1: 0.39085714285714285}"
41,meds_none,0,0.0,0,0.0,chi2,0.09949892870765589,"{0: 0.9654380902413431, 1: 0.034561909758656875}","{0: 0.9542857142857143, 1: 0.045714285714285714}"
42,nyha_status,848,0.055613850996852045,36,0.04114285714285714,chi2,3.1974215200941436e-19,"{2.0: 0.4492392444910808, 3.0: 0.4383525708289612, nan: 0.055613850996852045, 4.0: 0.03790661070304302, 1.0: 0.01888772298006296}","{3.0: 0.5268571428571428, 2.0: 0.3314285714285714, 4.0: 0.08685714285714285, nan: 0.04114285714285714, 1.0: 0.013714285714285714}"
43,kccq_summ_bl,1562,0.10243966421825813,75,0.08571428571428572,t-test,7.7543129911307775e-31,"{'count': 13686.0, 'mean': 53.27334502411223, 'std': 22.8118296078929, 'min': 0.0, '25%': 37.0, '50%': 53.0, '75%': 70.0, 'max': 100.0}","{'count': 800.0, 'mean': 43.595, 'std': 22.15518088506755, 'min': 0.0, '25%': 27.0, '50%': 42.0, '75%': 59.0, 'max': 100.0}"
44,height,60,0.003934942287513116,4,0.004571428571428572,t-test,0.22185011309851804,"{'count': 15188.0, 'mean': 166.60468791150907, 'std': 10.235556293810017, 'min': 100.0, '25%': 160.0, '50%': 167.0, '75%': 175.0, 'max': 258.0}","{'count': 871.0, 'mean': 166.17451205510906, 'std': 10.092416304301839, 'min': 120.0, '25%': 158.5, '50%': 167.0, '75%': 175.0, 'max': 190.0}"
45,weight,46,0.003016789087093389,4,0.004571428571428572,t-test,4.359119414374652e-13,"{'count': 15202.0, 'mean': 79.10676226812261, 'std': 18.14537506356795, 'min': 25.0, '25%': 67.0, '50%': 77.0, '75%': 90.0, 'max': 194.0}","{'count': 871.0, 'mean': 74.57175660160735, 'std': 17.698992282905387, 'min': 36.0, '25%': 62.0, '50%': 73.0, '75%': 85.0, 'max': 175.0}"
46,haemoglobin,149,0.00977177334732424,6,0.006857142857142857,t-test,1.2400988803401502e-19,"{'count': 15099.0, 'mean': 126.56758725743427, 'std': 17.111301734609135, 'min': 67.0, '25%': 115.0, '50%': 127.0, '75%': 138.0, 'max': 274.0}","{'count': 869.0, 'mean': 120.75258918296893, 'std': 18.03956885725622, 'min': 76.0, '25%': 107.0, '50%': 121.0, '75%': 133.0, 'max': 177.0}"
47,platelet_count,176,0.011542497376705142,9,0.010285714285714285,t-test,0.45353723826038495,"{'count': 15072.0, 'mean': 214176.58618630574, 'std': 74422.13347969709, 'min': 25.0, '25%': 168000.0, '50%': 207000.0, '75%': 252000.0, 'max': 980000.0}","{'count': 866.0, 'mean': 216496.9884526559, 'std': 89300.56066364583, 'min': 62.0, '25%': 168000.0, '50%': 207000.0, '75%': 255000.0, 'max': 980000.0}"
48,albumin,1079,0.07076337880377755,48,0.054857142857142854,t-test,1.0960213898144978e-36,"{'count': 14169.0, 'mean': 38.105159150257606, 'std': 4.554777594112213, 'min': 15.0, '25%': 35.0, '50%': 38.0, '75%': 41.0, 'max': 93.0}","{'count': 827.0, 'mean': 35.79081015719468, 'std': 4.907967796355862, 'min': 14.0, '25%': 33.0, '50%': 36.0, '75%': 39.0, 'max': 64.0}"
49,creatinine,145,0.009509443861490031,5,0.005714285714285714,t-test,1.8820170845954787e-09,"{'count': 15103.0, 'mean': 105.11759253128517, 'std': 66.96160679258503, 'min': 27.0, '25%': 75.0, '50%': 91.0, '75%': 115.0, 'max': 1061.0}","{'count': 870.0, 'mean': 125.61954022988506, 'std': 98.33581333323094, 'min': 29.0, '25%': 78.0, '50%': 102.0, '75%': 134.75, 'max': 878.0}"
50,inr,4044,0.26521511017838406,154,0.176,t-test,3.874184349926298e-09,"{'count': 11204.0, 'mean': 1.109192252766869, 'std': 0.25178704149126363, 'min': 0.0, '25%': 1.0, '50%': 1.1, '75%': 1.1, 'max': 6.8}","{'count': 721.0, 'mean': 1.174757281553398, 'std': 0.2885802953066375, 'min': 0.8, '25%': 1.0, '50%': 1.1, '75%': 1.2, 'max': 3.2}"
51,egfr_pre,1057,0.0693205666316894,81,0.09257142857142857,t-test,4.505361612469981e-16,"{'count': 14191.0, 'mean': 56.86232118948629, 'std': 22.654294331670595, 'min': 0.2, '25%': 43.0, '50%': 59.0, '75%': 76.0, 'max': 104.0}","{'count': 794.0, 'mean': 49.60503778337531, 'std': 24.101433921772824, 'min': 1.8, '25%': 34.0, '50%': 50.0, '75%': 69.0, 'max': 90.0}"
52,fev1,10033,0.6579879328436516,539,0.616,t-test,1.95191685546691e-06,"{'count': 5215.0, 'mean': 78.8048916586769, 'std': 24.567017114475064, 'min': 0.52, '25%': 64.0, '50%': 80.0, '75%': 95.4, 'max': 247.0}","{'count': 336.0, 'mean': 71.97532738095238, 'std': 25.136038560588005, 'min': 0.85, '25%': 56.0, '50%': 73.0, '75%': 86.325, 'max': 157.0}"
53,ecg_rhythm_sinus,0,0.0,0,0.0,chi2,1.901159708679487e-12,"{1: 0.7264559286463799, 0: 0.27354407135362013}","{1: 0.616, 0: 0.384}"
54,ecg_rhythm_Fib_flutter,0,0.0,0,0.0,chi2,3.7680605013758105e-06,"{0: 0.9831453305351522, 1: 0.01685466946484785}","{0: 0.9611428571428572, 1: 0.038857142857142854}"
55,ecg_rhythm_Fibrillation,0,0.0,0,0.0,chi2,3.4278838672663116e-09,"{0: 0.8401101783840503, 1: 0.15988982161594964}","{0: 0.7634285714285715, 1: 0.23657142857142857}"
56,ecg_rhythm_flutter,0,0.0,0,0.0,chi2,0.8068298936885616,"{0: 0.9881951731374606, 1: 0.01180482686253935}","{0: 0.9897142857142858, 1: 0.010285714285714285}"
57,ecg_rhythm_paced,0,0.0,0,0.0,chi2,0.060591215040684966,"{0: 0.9012985309548793, 1: 0.09870146904512067}","{0: 0.8811428571428571, 1: 0.11885714285714286}"
58,ecg_rhythm_junctional,0,0.0,0,0.0,chi2,0.7936414910672043,"{0: 0.9978357817418678, 1: 0.0021642182581322143}","{0: 0.9988571428571429, 1: 0.001142857142857143}"
59,ecg_conduct_none,0,0.0,0,0.0,chi2,0.26681798463938944,"{1: 0.6329354669464848, 0: 0.3670645330535152}","{1: 0.6137142857142858, 0: 0.3862857142857143}"
60,ecg_conduct_RBBB,0,0.0,0,0.0,chi2,0.541041063287254,"{0: 0.9169727177334732, 1: 0.08302728226652675}","{0: 0.9234285714285714, 1: 0.07657142857142857}"
61,ecg_conduct_LBBB,0,0.0,0,0.0,chi2,0.35267912441334837,"{0: 0.9169727177334732, 1: 0.08302728226652675}","{0: 0.9074285714285715, 1: 0.09257142857142857}"
62,ecg_conduct_1DAVBlock,0,0.0,0,0.0,chi2,0.689463480298305,"{0: 0.8748032528856243, 1: 0.12519674711437564}","{0: 0.88, 1: 0.12}"
63,ecg_conduct_2DAVBlock,0,0.0,0,0.0,chi2,0.5679447219995926,"{0: 0.9971143756558237, 1: 0.0028856243441762854}","{0: 0.9954285714285714, 1: 0.004571428571428572}"
64,ecg_conduct_3DAVBlock,0,0.0,0,0.0,chi2,0.5130679260007893,"{0: 0.9972455403987408, 1: 0.0027544596012591817}","{0: 0.9954285714285714, 1: 0.004571428571428572}"
65,ecg_conduct_Paced,0,0.0,0,0.0,chi2,0.24108105439819297,"{0: 0.9800629590766002, 1: 0.01993704092339979}","{0: 0.9737142857142858, 1: 0.026285714285714287}"
66,diseased_vessels_number,1157,0.07587880377754459,83,0.09485714285714286,chi2,0.0005704294804901835,"{1.0: 0.6745146904512067, 2.0: 0.15149527806925497, nan: 0.07587880377754459, 3.0: 0.060663693599160545, 4.0: 0.037447534102833156}","{1.0: 0.6182857142857143, 2.0: 0.15657142857142858, nan: 0.09485714285714286, 3.0: 0.06857142857142857, 4.0: 0.061714285714285715}"
67,lm_sten,364,0.023871983210912908,15,0.017142857142857144,chi2,0.1332849191287143,"{0.0: 0.9409758656873033, 1.0: 0.03515215110178384, nan: 0.023871983210912908}","{0.0: 0.9371428571428572, 1.0: 0.045714285714285714, nan: 0.017142857142857144}"
68,prox_lad,367,0.024068730325288563,16,0.018285714285714287,chi2,0.002366972392654289,"{0.0: 0.8923137460650578, 1.0: 0.08361752360965373, nan: 0.024068730325288563}","{0.0: 0.8674285714285714, 1.0: 0.11428571428571428, nan: 0.018285714285714287}"
69,rv_systolic,7355,0.48235834207764955,356,0.40685714285714286,t-test,7.974205937514291e-10,"{'count': 7893.0, 'mean': 38.21310021538072, 'std': 13.146941223625698, 'min': 0.0, '25%': 29.0, '50%': 36.0, '75%': 45.0, 'max': 139.0}","{'count': 519.0, 'mean': 42.589595375722546, 'std': 15.587193028749589, 'min': 0.0, '25%': 32.0, '50%': 41.0, '75%': 51.0, 'max': 108.0}"
70,lvef_value,1544,0.1012591815320042,74,0.08457142857142858,t-test,3.957364237601192e-09,"{'count': 13704.0, 'mean': 57.84106830122592, 'std': 11.615868398631157, 'min': 5.0, '25%': 54.0, '50%': 60.0, '75%': 65.0, 'max': 95.0}","{'count': 801.0, 'mean': 55.008739076154804, 'std': 13.18450505453594, 'min': 10.0, '25%': 47.0, '50%': 60.0, '75%': 65.0, 'max': 90.0}"
71,lvef_value_scale,1544,0.1012591815320042,74,0.08457142857142858,chi2,5.233197714365841e-10,"{1.0: 0.6712355718782791, 2.0: 0.1520199370409234, nan: 0.1012591815320042, 3.0: 0.04971143756558237, 4.0: 0.025773871983210912}","{1.0: 0.5942857142857143, 2.0: 0.19085714285714286, 3.0: 0.08457142857142858, nan: 0.08457142857142858, 4.0: 0.045714285714285714}"
72,lv_internal_sys_dim_value,5309,0.34817681007345225,283,0.32342857142857145,t-test,0.000767025167431213,"{'count': 9939.0, 'mean': 3.1611675218834896, 'std': 1.2564465058666976, 'min': 0.29, '25%': 2.6, '50%': 3.0, '75%': 3.6, 'max': 63.0}","{'count': 592.0, 'mean': 3.29964527027027, 'std': 0.9488522102687585, 'min': 0.9, '25%': 2.6, '50%': 3.1, '75%': 3.8249999999999997, 'max': 8.2}"
73,lv_internal_dia_dim_value,2034,0.13339454354669464,91,0.104,t-test,0.12531847218929884,"{'count': 13214.0, 'mean': 4.630467988497049, 'std': 0.9560355789939674, 'min': 0.4, '25%': 4.1, '50%': 4.6, '75%': 5.1, 'max': 49.0}","{'count': 784.0, 'mean': 4.67795918367347, 'std': 0.8348480752069372, 'min': 0.4, '25%': 4.2, '50%': 4.6, '75%': 5.2, 'max': 7.4}"
74,septal_wall,1786,0.11713011542497377,89,0.10171428571428572,t-test,0.7547515877265187,"{'count': 13462.0, 'mean': 1.2485428613876095, 'std': 0.35737295037119415, 'min': 0.0, '25%': 1.1, '50%': 1.2, '75%': 1.4, 'max': 15.0}","{'count': 786.0, 'mean': 1.2453104325699744, 'std': 0.27686774937253894, 'min': 0.6, '25%': 1.1, '50%': 1.2, '75%': 1.4, 'max': 4.7}"
75,posterior_wall,1934,0.12683630640083945,102,0.11657142857142858,t-test,0.9650711363632896,"{'count': 13314.0, 'mean': 1.149117890941866, 'std': 0.2889464292794595, 'min': 0.0, '25%': 1.0, '50%': 1.1, '75%': 1.3, 'max': 13.0}","{'count': 773.0, 'mean': 1.1487619663648123, 'std': 0.2149212899718764, 'min': 0.6, '25%': 1.0, '50%': 1.1, '75%': 1.3, 'max': 2.5}"
76,av_peak_vel,1530,0.10034102833158447,70,0.08,t-test,0.012706420061857713,"{'count': 13718.0, 'mean': 4.0946997157019975, 'std': 0.8374710318647272, 'min': 0.0, '25%': 3.8, '50%': 4.1, '75%': 4.5, 'max': 46.0}","{'count': 805.0, 'mean': 4.0244472049689435, 'std': 0.772113368288824, 'min': 0.4, '25%': 3.6, '50%': 4.1, '75%': 4.5, 'max': 7.4}"
77,av_mean_grad_tte,1193,0.07823976915005247,77,0.088,t-test,0.0002295367741014909,"{'count': 14055.0, 'mean': 42.876485236570616, 'std': 13.97008223133347, 'min': 0.0, '25%': 35.0, '50%': 42.0, '75%': 50.0, 'max': 132.0}","{'count': 798.0, 'mean': 40.959899749373434, 'std': 14.252108818051482, 'min': 2.0, '25%': 31.0, '50%': 40.0, '75%': 49.0, 'max': 101.0}"
78,av_area_tte,2094,0.13732948583420776,111,0.12685714285714286,t-test,6.230839162947393e-05,"{'count': 13154.0, 'mean': 0.8386636764482286, 'std': 0.3446499123531594, 'min': 0.0, '25%': 0.69, '50%': 0.8, '75%': 0.93, 'max': 6.84}","{'count': 764.0, 'mean': 0.79217277486911, 'std': 0.3084000763117483, 'min': 0.2, '25%': 0.6, '50%': 0.8, '75%': 0.9, 'max': 4.31}"
79,dp_index_tte_pre,3965,0.2600341028331584,232,0.2651428571428571,t-test,0.008017333176239793,"{'count': 11283.0, 'mean': 0.2778158557121333, 'std': 2.112527442977155, 'min': 0.0, '25%': 0.19, '50%': 0.22, '75%': 0.26, 'max': 191.0}","{'count': 643.0, 'mean': 0.22411508553654744, 'std': 0.09676869267023494, 'min': 0.01, '25%': 0.18, '50%': 0.21, '75%': 0.25, 'max': 1.4}"
80,aortic_insuff,723,0.04741605456453305,26,0.029714285714285714,chi2,0.3156202837127342,"{3.0: 0.3912644281217209, 2.0: 0.2675104931794334, 1.0: 0.13490293809024134, 4.0: 0.11719569779643232, nan: 0.04741605456453305, 5.0: 0.02131427072402938, 6.0: 0.020396117523609654}","{3.0: 0.38285714285714284, 2.0: 0.26171428571428573, 1.0: 0.16228571428571428, 4.0: 0.12685714285714286, nan: 0.029714285714285714, 5.0: 0.02057142857142857, 6.0: 0.016}"
81,mitral_regurg,1291,0.08466684155299056,73,0.08342857142857144,chi2,4.3912259992417636e-15,"{3.0: 0.4190057712486884, 2.0: 0.2748557187827912, 4.0: 0.14500262329485833, nan: 0.08466684155299056, 1.0: 0.05285939139559286, 6.0: 0.01587093389296957, 5.0: 0.007738719832109129}","{3.0: 0.3931428571428571, 4.0: 0.2297142857142857, 2.0: 0.208, nan: 0.08342857142857144, 1.0: 0.04, 6.0: 0.03542857142857143, 5.0: 0.010285714285714285}"
82,av_disease_etiology,399,0.026167366211962223,11,0.012571428571428572,chi2,0.4721285318706716,"{1.0: 0.9049711437565582, 11.0: 0.0522691500524659, nan: 0.026167366211962223, 3.0: 0.01016526757607555, 10.0: 0.0031479538300104933, 4.0: 0.002295383001049318, 2.0: 0.0008525708289611753, 8.0: 6.558237145855194e-05, 9.0: 6.558237145855194e-05}","{1.0: 0.9337142857142857, 11.0: 0.046857142857142854, nan: 0.012571428571428572, 3.0: 0.0034285714285714284, 2.0: 0.001142857142857143, 10.0: 0.001142857142857143, 4.0: 0.001142857142857143}"
83,annulus_max_dim,838,0.05495802728226653,58,0.06628571428571428,t-test,0.011412746818683352,"{'count': 14410.0, 'mean': 27.355655794587094, 'std': 3.177802549100186, 'min': 2.0, '25%': 25.0, '50%': 27.0, '75%': 29.0, 'max': 93.0}","{'count': 817.0, 'mean': 27.645042839657282, 'std': 3.174087491130128, 'min': 17.0, '25%': 26.0, '50%': 28.0, '75%': 30.0, 'max': 38.0}"
84,annulus_min_dim,914,0.05994228751311648,64,0.07314285714285715,t-test,0.052086881496027554,"{'count': 14334.0, 'mean': 21.899609320496722, 'std': 2.6055147335211664, 'min': 2.0, '25%': 20.0, '50%': 22.0, '75%': 24.0, 'max': 50.0}","{'count': 811.0, 'mean': 22.08631319358816, 'std': 2.6624870199530206, 'min': 14.0, '25%': 20.0, '50%': 22.0, '75%': 24.0, 'max': 33.0}"
85,perimeter,1044,0.06846799580272822,66,0.07542857142857143,t-test,0.1858717879819235,"{'count': 14204.0, 'mean': 78.90132798507463, 'std': 14.512592838540863, 'min': 21.0, '25%': 73.0, '50%': 78.9, '75%': 84.0, 'max': 801.0}","{'count': 809.0, 'mean': 80.19762669962918, 'std': 27.631980979036236, 'min': 19.3, '25%': 73.5, '50%': 79.0, '75%': 85.0, 'max': 821.0}"
86,annulus_area_ctaort,1669,0.10945697796432319,121,0.1382857142857143,t-test,0.004702413602116434,"{'count': 13579.0, 'mean': 465.13693283746966, 'std': 119.75150999047003, 'min': 0.77, '25%': 401.4, '50%': 468.0, '75%': 538.0, 'max': 1025.0}","{'count': 754.0, 'mean': 477.49673740053055, 'std': 116.37141592699045, 'min': 4.24, '25%': 408.0, '50%': 473.95, '75%': 545.0, 'max': 1014.36}"
87,st_junc_diam,2813,0.18448321091290662,159,0.18171428571428572,t-test,0.16942998881270419,"{'count': 12435.0, 'mean': 28.813646964213913, 'std': 4.08493580212632, 'min': 2.0, '25%': 26.2, '50%': 28.6, '75%': 31.1, 'max': 76.8}","{'count': 716.0, 'mean': 29.02067039106145, 'std': 3.906908723495272, 'min': 2.5, '25%': 26.9, '50%': 29.0, '75%': 31.3, 'max': 45.9}"
88,valve_calc,766,0.050236096537250786,45,0.05142857142857143,chi2,1.0,"{1.0: 0.8696222455403987, 0.0: 0.08014165792235048, nan: 0.050236096537250786}","{1.0: 0.8685714285714285, 0.0: 0.08, nan: 0.05142857142857143}"
89,annualar_calc_ctaort,1999,0.13109916054564533,140,0.16,chi2,0.01744412649179319,"{0.0: 0.447599685204617, 1.0: 0.4213011542497377, nan: 0.13109916054564533}","{1.0: 0.44571428571428573, 0.0: 0.3942857142857143, nan: 0.16}"
90,valve_morph,713,0.046760230849947536,39,0.044571428571428574,chi2,0.11360292998749012,"{3.0: 0.8733604407135362, nan: 0.046760230849947536, 2.0: 0.04492392444910808, 5.0: 0.03285676810073452, 4.0: 0.0013772298006295908, 1.0: 0.0007214060860440713}","{3.0: 0.8982857142857142, nan: 0.044571428571428574, 2.0: 0.03314285714285714, 5.0: 0.021714285714285714, 4.0: 0.002285714285714286}"
91,aortic_sinus_dim_left,3259,0.2137329485834208,196,0.224,t-test,0.38087921043818496,"{'count': 11989.0, 'mean': 32.35059137542748, 'std': 4.9132769172581, 'min': 1.8, '25%': 30.0, '50%': 32.9, '75%': 35.5, 'max': 63.4}","{'count': 679.0, 'mean': 32.52826215022091, 'std': 5.1491428603858544, 'min': 2.89, '25%': 30.0, '50%': 33.0, '75%': 35.7, 'max': 56.0}"
92,aortic_sinus_dim_right,3267,0.21425760755508919,198,0.22628571428571428,t-test,0.23954205748736485,"{'count': 11981.0, 'mean': 31.14639929888991, 'std': 4.64742635139411, 'min': 0.1, '25%': 28.6, '50%': 31.3, '75%': 34.0, 'max': 96.1}","{'count': 677.0, 'mean': 31.370531757754797, 'std': 4.829731730909599, 'min': 2.95, '25%': 29.0, '50%': 31.6, '75%': 34.4, 'max': 56.0}"
93,aortic_sinus_dim_non_coron,3344,0.2193074501573977,203,0.232,t-test,0.3088249739806006,"{'count': 11904.0, 'mean': 32.35659862231182, 'std': 4.8837113493304045, 'min': 0.7, '25%': 29.8, '50%': 32.7, '75%': 35.3, 'max': 100.0}","{'count': 672.0, 'mean': 32.56111607142857, 'std': 5.075008000396951, 'min': 2.92, '25%': 30.0, '50%': 32.849999999999994, '75%': 35.7, 'max': 53.0}"
94,ascending_ao,1678,0.11004721930745016,85,0.09714285714285714,t-test,0.7322755311612943,"{'count': 13570.0, 'mean': 33.757850405305824, 'std': 6.636444447132015, 'min': 4.0, '25%': 31.0, '50%': 33.4, '75%': 36.0, 'max': 625.0}","{'count': 790.0, 'mean': 33.701240506329114, 'std': 4.365377955565258, 'min': 4.9, '25%': 31.0, '50%': 33.4, '75%': 36.1, 'max': 50.45}"
95,lmca_height,803,0.05266264428121721,51,0.05828571428571429,t-test,0.5181156442689774,"{'count': 14445.0, 'mean': 14.569916233991, 'std': 3.428871184760224, 'min': 0.7, '25%': 12.4, '50%': 14.4, '75%': 16.6, 'max': 90.0}","{'count': 824.0, 'mean': 14.652208737864077, 'std': 3.5609080408586915, 'min': 1.6, '25%': 12.3, '50%': 14.7, '75%': 17.0, 'max': 29.0}"
96,rca_height,818,0.05364637985309549,48,0.054857142857142854,t-test,0.22313789864364464,"{'count': 14430.0, 'mean': 16.701222453222453, 'std': 3.816493979656882, 'min': 0.0, '25%': 14.1, '50%': 16.7, '75%': 19.0, 'max': 60.0}","{'count': 827.0, 'mean': 16.8676299879081, 'std': 3.817789751848256, 'min': 2.5, '25%': 14.3, '50%': 16.9, '75%': 19.1, 'max': 30.7}"
97,iliac_mld_left,1964,0.12880377754459602,121,0.1382857142857143,t-test,0.00972724795895113,"{'count': 13284.0, 'mean': 8.669238934056006, 'std': 2.3023035740354834, 'min': 0.0, '25%': 7.1, '50%': 8.6, '75%': 10.0, 'max': 37.0}","{'count': 754.0, 'mean': 8.435968169761274, 'std': 2.410207912660736, 'min': 0.0, '25%': 6.8, '50%': 8.5, '75%': 10.0, 'max': 18.0}"
98,iliac_mld_right,1948,0.12775445960125917,123,0.14057142857142857,t-test,0.03965674572376602,"{'count': 13300.0, 'mean': 8.755513533834588, 'std': 2.291306625273835, 'min': 0.0, '25%': 7.2, '50%': 8.8, '75%': 10.0, 'max': 28.0}","{'count': 752.0, 'mean': 8.55158244680851, 'std': 2.6586613014754485, 'min': 0.0, '25%': 6.975, '50%': 8.58, '75%': 10.0, 'max': 26.9}"
99,femoral_mld_left,1183,0.07758394543546694,60,0.06857142857142857,t-test,0.0010985451896369054,"{'count': 14065.0, 'mean': 7.597645929612513, 'std': 1.7735541780297635, 'min': 0.0, '25%': 6.4, '50%': 7.5, '75%': 8.8, 'max': 19.0}","{'count': 815.0, 'mean': 7.36840490797546, 'std': 1.9523674050999664, 'min': 0.0, '25%': 6.0, '50%': 7.3, '75%': 8.7, 'max': 15.0}"
100,femoral_mld_right,1188,0.0779118572927597,64,0.07314285714285715,t-test,0.0038171927594025114,"{'count': 14060.0, 'mean': 7.618500711237553, 'std': 1.76187782130757, 'min': 0.0, '25%': 6.4, '50%': 7.6, '75%': 8.9, 'max': 19.3}","{'count': 811.0, 'mean': 7.418902589395807, 'std': 1.9134843543781794, 'min': 0.0, '25%': 6.1, '50%': 7.3, '75%': 8.7, 'max': 15.0}"
101,artery_calc,948,0.06217208814270724,54,0.061714285714285715,chi2,3.7710543201437413e-10,"{2.0: 0.4824239244491081, 1.0: 0.19956715634837355, 3.0: 0.19818992654774398, nan: 0.06217208814270724, 4.0: 0.05764690451206716}","{2.0: 0.4114285714285714, 3.0: 0.23314285714285715, 1.0: 0.18742857142857142, 4.0: 0.10628571428571429, nan: 0.061714285714285715}"
102,iliofem_tort,972,0.06374606505771249,57,0.06514285714285714,chi2,0.11810243257302042,"{2.0: 0.4217602308499475, 1.0: 0.3199763903462749, 3.0: 0.16257869884575027, nan: 0.06374606505771249, 4.0: 0.03193861490031479}","{2.0: 0.38285714285714284, 1.0: 0.33371428571428574, 3.0: 0.18285714285714286, nan: 0.06514285714285714, 4.0: 0.03542857142857143}"
103,high_cfa_burif,987,0.06472980062959077,56,0.064,chi2,0.4030782117349626,"{0.0: 0.8548662119622246, 1.0: 0.08040398740818468, nan: 0.06472980062959077}","{0.0: 0.864, 1.0: 0.072, nan: 0.064}"
104,prev_iliofem_interv,806,0.05285939139559286,45,0.05142857142857143,chi2,1.609048896309893e-05,"{0.0: 0.9009706190975866, nan: 0.05285939139559286, 1.0: 0.046169989506820566}","{0.0: 0.8697142857142857, 1.0: 0.07885714285714286, nan: 0.05142857142857143}"
105,procedure_indic,68,0.004459601259181532,0,0.0,chi2,0.9117018624379699,"{1.0: 0.9145461699895068, 4.0: 0.04354669464847849, 3.0: 0.02938090241343127, 2.0: 0.00806663168940189, nan: 0.004459601259181532}","{1.0: 0.9165714285714286, 4.0: 0.04342857142857143, 3.0: 0.03314285714285714, 2.0: 0.006857142857142857}"
106,valve_in_valve,222,0.01455928646379853,7,0.008,chi2,0.594332429214572,"{0.0: 0.9201206715634838, 1.0: 0.06532004197271774, nan: 0.01455928646379853}","{0.0: 0.9314285714285714, 1.0: 0.060571428571428575, nan: 0.008}"
107,anaesthesia,90,0.005902413431269675,6,0.006857142857142857,chi2,0.0005469646411461444,"{4.0: 0.6276888772298006, 2.0: 0.3401757607555089, 3.0: 0.023084994753410283, nan: 0.005902413431269675, 1.0: 0.0031479538300104933}","{4.0: 0.568, 2.0: 0.38742857142857146, 3.0: 0.036571428571428574, nan: 0.006857142857142857, 1.0: 0.001142857142857143}"
108,access_site,22,0.0014428121720881427,1,0.001142857142857143,chi2,6.02464690858512e-05,"{1.0: 0.9700944386149003, 11.0: 0.024134312696747113, 4.0: 0.0019018887722980064, nan: 0.0014428121720881427, 3.0: 0.0008525708289611753, 10.0: 0.0006558237145855194, 8.0: 0.0004590766002098636, 9.0: 0.0003279118572927597, 6.0: 0.00013116474291710389}","{1.0: 0.944, 11.0: 0.044571428571428574, 4.0: 0.008, 9.0: 0.001142857142857143, 10.0: 0.001142857142857143, nan: 0.001142857142857143}"
109,access_method,20,0.0013116474291710388,1,0.001142857142857143,chi2,1.0774887502785256e-08,"{1.0: 0.9630771248688352, 2.0: 0.03292235047219307, nan: 0.0013116474291710388, 4.0: 0.001114900314795383, 3.0: 0.000983735571878279, 5.0: 0.0005902413431269675}","{1.0: 0.9211428571428572, 2.0: 0.06971428571428571, 4.0: 0.004571428571428572, 3.0: 0.002285714285714286, nan: 0.001142857142857143, 5.0: 0.001142857142857143}"
110,initial_bav,116,0.0076075550891920255,3,0.0034285714285714284,chi2,0.5982934262813423,"{0.0: 0.5274790136411333, 1.0: 0.4649134312696747, nan: 0.0076075550891920255}","{0.0: 0.5394285714285715, 1.0: 0.45714285714285713, nan: 0.0034285714285714284}"
111,device_manufacturer_1,64,0.004197271773347324,4,0.004571428571428572,chi2,1.697473151794442e-05,"{1.0: 0.5090503672612802, 2.0: 0.3923137460650577, 3.0: 0.08204354669464847, 5.0: 0.012001573976915005, nan: 0.004197271773347324, 4.0: 0.00039349422875131166}","{2.0: 0.4765714285714286, 1.0: 0.42514285714285716, 3.0: 0.08457142857142858, 5.0: 0.009142857142857144, nan: 0.004571428571428572}"
112,device_model_1,57,0.0037381951731374607,4,0.004571428571428572,chi2,1.1205114733028322e-11,"{1.0: 0.347193074501574, 2.0: 0.2748557187827912, 8.0: 0.15733210912906612, 6.0: 0.11470356768100734, 3.0: 0.0607292759706191, 11.0: 0.017707240293809025, 4.0: 0.01114900314795383, 5.0: 0.00708289611752361, nan: 0.0037381951731374607, 10.0: 0.0026888772298006296, 9.0: 0.002098635886673662, 12.0: 0.0007214060860440713}","{2.0: 0.3862857142857143, 1.0: 0.3302857142857143, 8.0: 0.09371428571428571, 6.0: 0.088, 3.0: 0.07314285714285715, 11.0: 0.009142857142857144, 4.0: 0.006857142857142857, 5.0: 0.004571428571428572, nan: 0.004571428571428572, 10.0: 0.002285714285714286, 9.0: 0.001142857142857143}"
113,sts_score,2163,0.14185466946484784,96,0.10971428571428571,t-test,4.811718679831754e-22,"{'count': 13085.0, 'mean': 4.9177274742071075, 'std': 4.148271934929973, 'min': 0.0, '25%': 2.4, '50%': 3.9, '75%': 6.0, 'max': 80.91}","{'count': 779.0, 'mean': 7.594061617458279, 'std': 7.445797435375244, 'min': 0.0, '25%': 3.3, '50%': 5.4, '75%': 8.9, 'max': 65.71}"
114,discharge_status,4,0.00026232948583420777,3,0.0034285714285714284,,,,
115,fup_status_30d,1026,0.0672875131164743,148,0.16914285714285715,,,,
116,fup_status_12mth,6759,0.44327124868835255,267,0.30514285714285716,,,,
117,days_death,15248,1.0,137,0.15657142857142858,,,,
118,LOS,44,0.0028856243441762854,7,0.008,t-test,6.797132039811633e-06,"{'count': 15204.0, 'mean': 53.29354117337543, 'std': 1169.4372499671551, 'min': 0.0, '25%': 3.0, '50%': 4.0, '75%': 7.0, 'max': 32516.0}","{'count': 868.0, 'mean': 10.517281105990783, 'std': 17.46873102901369, 'min': 0.0, '25%': 3.0, '50%': 6.0, '75%': 12.0, 'max': 370.0}"
119,days_30d_fup,1037,0.06800891920251836,151,0.17257142857142857,t-test,0.2639525556452973,"{'count': 14211.0, 'mean': 44.092322848497645, 'std': 78.036447786534, 'min': -7218.0, '25%': 31.0, '50%': 37.0, '75%': 49.0, 'max': 1374.0}","{'count': 724.0, 'mean': 46.200276243093924, 'std': 47.58804840753143, 'min': -316.0, '25%': 30.0, '50%': 37.0, '75%': 52.0, 'max': 661.0}"
120,days_12mth_fup,6814,0.4468782791185729,270,0.30857142857142855,t-test,1.5354996366099611e-21,"{'count': 8434.0, 'mean': 389.5781361157221, 'std': 83.51779442755274, 'min': -2892.0, '25%': 364.0, '50%': 379.0, '75%': 411.0, 'max': 1488.0}","{'count': 605.0, 'mean': 328.9834710743802, 'std': 149.03049731620635, 'min': 33.0, '25%': 237.0, '50%': 363.0, '75%': 395.0, 'max': 1519.0}"
121,proc_los,34,0.002229800629590766,7,0.008,,,,
122,discharge_status_new,0,0.0,0,0.0,t-test,1.3238662131555159e-37,"{'count': 15248.0, 'mean': 1.0, 'std': 0.0, 'min': 1.0, '25%': 1.0, '50%': 1.0, '75%': 1.0, 'max': 1.0}","{'count': 875.0, 'mean': 1.1714285714285715, 'std': 0.37709857388090456, 'min': 1.0, '25%': 1.0, '50%': 1.0, '75%': 1.0, 'max': 2.0}"
123,fup_status_12mth_new,7117,0.46674973767051414,13,0.014857142857142857,t-test,0.0,"{'count': 8131.0, 'mean': 1.0, 'std': 0.0, 'min': 1.0, '25%': 1.0, '50%': 1.0, '75%': 1.0, 'max': 1.0}","{'count': 862.0, 'mean': 1.9791183294663572, 'std': 0.14307121562863923, 'min': 1.0, '25%': 2.0, '50%': 2.0, '75%': 2.0, 'max': 2.0}"
124,fup_status_30d_new,1050,0.06886149003147954,7,0.008,t-test,9.496060238538335e-69,"{'count': 14198.0, 'mean': 1.0, 'std': 0.0, 'min': 1.0, '25%': 1.0, '50%': 1.0, '75%': 1.0, 'max': 1.0}","{'count': 868.0, 'mean': 1.2983870967741935, 'std': 0.45781405030266936, 'min': 1.0, '25%': 1.0, '50%': 1.0, '75%': 2.0, 'max': 2.0}"
125,upper_bound,0,0.0,0,0.0,,,,
126,lower_bound,0,0.0,0,0.0,,,,
127,death_observed,0,0.0,0,0.0,,,,
128,bmi,64,0.004197271773347324,4,0.004571428571428572,,,,
129,has_12mnth_fup,0,0.0,0,0.0,,,,
