,column,missing_count_has_12mnth_fup_False,missing_prop_has_12mnth_fup_False,missing_count_has_12mnth_fup_True,missing_prop_has_12mnth_fup_True,test_type,p_value,has_12mnth_fup_False_summary,has_12mnth_fup_True_summary,has_12mnth_fup_False_count,has_12mnth_fup_True_count
0,gender,16,0.002258610954263128,4,0.000442526828188959,chi2,0.18969543858343946,"{2.0: 0.6092603049124788, 1.0: 0.38848108413325805, nan: 0.002258610954263128}","{2.0: 0.6000663790242283, 1.0: 0.3994910941475827, nan: 0.000442526828188959}","{2.0: 4316, 1.0: 2752, nan: 16}","{2.0: 5424, 1.0: 3611, nan: 4}"
1,country,4,0.000564652738565782,5,0.0005531585352361987,chi2,0.13899977908047575,"{12.0: 0.9988706945228685, nan: 0.000564652738565782, 150.0: 0.00042348955392433656, 234.0: 0.0001411631846414455}","{12.0: 0.9985617878083859, 149.0: 0.0005531585352361987, nan: 0.0005531585352361987, 68.0: 0.00011063170704723974, 196.0: 0.00011063170704723974, 150.0: 0.00011063170704723974}","{12.0: 7076, nan: 4, 150.0: 3, 234.0: 1}","{12.0: 9026, 149.0: 5, nan: 5, 68.0: 1, 196.0: 1, 150.0: 1}"
2,age,16,0.002258610954263128,8,0.000885053656377918,t-test,4.576803451019361e-09,"{'count': 7068.0, 'mean': 81.21547821165818, 'std': 7.2409150925375005, 'min': 24.0, '25%': 77.0, '50%': 82.0, '75%': 86.0, 'max': 105.0}","{'count': 9031.0, 'mean': 81.88140848189569, 'std': 7.030088699223475, 'min': 32.0, '25%': 78.0, '50%': 83.0, '75%': 87.0, 'max': 101.0}",,
3,hospital_state,4,0.000564652738565782,2,0.0002212634140944795,chi2,2.804785450053091e-54,"{1.0: 0.2867024280067758, 2.0: 0.27625635234330886, 3.0: 0.2251552795031056, 5.0: 0.13156408808582723, 4.0: 0.06719367588932806, 6.0: 0.012422360248447204, nan: 0.000564652738565782, 8.0: 0.0001411631846414455}","{2.0: 0.2889700188073902, 1.0: 0.2797875871224693, 3.0: 0.2650735700851864, 4.0: 0.09403695099015377, 5.0: 0.06427702179444629, 6.0: 0.007522956079212302, nan: 0.0002212634140944795, 8.0: 0.00011063170704723974}","{1.0: 2031, 2.0: 1957, 3.0: 1595, 5.0: 932, 4.0: 476, 6.0: 88, nan: 4, 8.0: 1}","{2.0: 2612, 1.0: 2529, 3.0: 2396, 4.0: 850, 5.0: 581, 6.0: 68, nan: 2, 8.0: 1}"
4,residential_loc_pre,237,0.033455674760022584,686,0.07589335103440646,chi2,0.004156466156492323,"{2.0: 0.6113777526821005, 1.0: 0.3287690570299266, nan: 0.033455674760022584, 3.0: 0.026397515527950312}","{2.0: 0.607257439982299, 1.0: 0.2909613895342405, nan: 0.07589335103440646, 3.0: 0.0258878194490541}","{2.0: 4331, 1.0: 2329, nan: 237, 3.0: 187}","{2.0: 5489, 1.0: 2630, nan: 686, 3.0: 234}"
5,race,485,0.06846414455110107,215,0.023785817015156543,chi2,3.636900460881318e-07,"{1.0: 0.8828345567476003, nan: 0.06846414455110107, 5.0: 0.03402032749858837, 2.0: 0.00945793337097685, 3.0: 0.00409373235460192, 4.0: 0.001129305477131564}","{1.0: 0.9077331563226021, 5.0: 0.05531585352361987, nan: 0.023785817015156543, 2.0: 0.009293063391968137, 3.0: 0.002987056090275473, 4.0: 0.000885053656377918}","{1.0: 6254, nan: 485, 5.0: 241, 2.0: 67, 3.0: 29, 4.0: 8}","{1.0: 8205, 5.0: 500, nan: 215, 2.0: 84, 3.0: 27, 4.0: 8}"
6,insurance,39,0.005505364201016375,1,0.00011063170704723974,chi2,1.867315807496959e-06,"{3.0: 0.620694522868436, 2.0: 0.33695652173913043, 1.0: 0.030632411067193676, 4.0: 0.006211180124223602, nan: 0.005505364201016375}","{3.0: 0.6245159862816684, 2.0: 0.3274698528598296, 1.0: 0.04469520964708486, 4.0: 0.0032083195043699523, nan: 0.00011063170704723974}","{3.0: 4397, 2.0: 2387, 1.0: 217, 4.0: 44, nan: 39}","{3.0: 5645, 2.0: 2960, 1.0: 404, 4.0: 29, nan: 1}"
7,cad,36,0.005081874647092038,15,0.001659475605708596,chi2,0.8861968435498482,"{1.0: 0.6202710333145116, 0.0: 0.3746470920383964, nan: 0.005081874647092038}","{1.0: 0.6236309326252905, 0.0: 0.374709591769001, nan: 0.001659475605708596}","{1.0: 4394, 0.0: 2654, nan: 36}","{1.0: 5637, 0.0: 3387, nan: 15}"
8,prior_acute_mi,63,0.008893280632411068,27,0.002987056090275473,chi2,0.00015559726554265494,"{0.0: 0.8692828910220215, 1.0: 0.12182382834556747, nan: 0.008893280632411068}","{0.0: 0.8538555149905963, 1.0: 0.14315742891912822, nan: 0.002987056090275473}","{0.0: 6158, 1.0: 863, nan: 63}","{0.0: 7718, 1.0: 1294, nan: 27}"
9,prior_cardio_surg,51,0.007199322416713721,24,0.002655160969133754,chi2,0.000414389628700861,"{1.0: 0.7934782608695652, 2.0: 0.18322981366459629, 3.0: 0.013128176171654432, nan: 0.007199322416713721, 4.0: 0.001976284584980237, 5.0: 0.0009881422924901185}","{1.0: 0.7724305786038279, 2.0: 0.20511118486558247, 3.0: 0.018032968248700078, nan: 0.002655160969133754, 4.0: 0.001216948777519637, 5.0: 0.0005531585352361987}","{1.0: 5621, 2.0: 1298, 3.0: 93, nan: 51, 4.0: 14, 5.0: 7}","{1.0: 6982, 2.0: 1854, 3.0: 163, nan: 24, 4.0: 11, 5.0: 5}"
10,prior_pci,42,0.005928853754940711,17,0.0018807390198030756,chi2,5.177288614694672e-06,"{0.0: 0.7522586109542632, 1.0: 0.24181253529079616, nan: 0.005928853754940711}","{0.0: 0.7234207323819006, 1.0: 0.2746985285982963, nan: 0.0018807390198030756}","{0.0: 5329, 1.0: 1713, nan: 42}","{0.0: 6539, 1.0: 2483, nan: 17}"
11,prior_cabg,28,0.003952569169960474,14,0.0015488438986613563,chi2,3.015139644412645e-05,"{0.0: 0.8560135516657256, 1.0: 0.14003387916431395, nan: 0.003952569169960474}","{0.0: 0.8340524394291404, 1.0: 0.16439871667219824, nan: 0.0015488438986613563}","{0.0: 6064, 1.0: 992, nan: 28}","{0.0: 7539, 1.0: 1486, nan: 14}"
12,prior_valve_replace,34,0.004799548277809147,9,0.0009956853634251576,chi2,0.5938146460182676,"{0.0: 0.932806324110672, 1.0: 0.06239412761151891, nan: 0.004799548277809147}","{0.0: 0.9341741343068923, 1.0: 0.06483018032968249, nan: 0.0009956853634251576}","{0.0: 6608, 1.0: 442, nan: 34}","{0.0: 8444, 1.0: 586, nan: 9}"
13,prior_tavi,32,0.004517221908526256,5,0.0005531585352361987,chi2,0.0014772139898559002,"{0.0: 0.9915302089215132, nan: 0.004517221908526256, 1.0: 0.003952569169960474}","{0.0: 0.9981192609801969, 1.0: 0.001327580484566877, nan: 0.0005531585352361987}","{0.0: 7024, nan: 32, 1.0: 28}","{0.0: 9022, 1.0: 12, nan: 5}"
14,prior_bav,32,0.004517221908526256,14,0.0015488438986613563,chi2,4.524327586040521e-26,"{0.0: 0.9592038396386222, 1.0: 0.036278938452851496, nan: 0.004517221908526256}","{0.0: 0.9225578050669322, 1.0: 0.07589335103440646, nan: 0.0015488438986613563}","{0.0: 6795, 1.0: 257, nan: 32}","{0.0: 8339, 1.0: 686, nan: 14}"
15,prior_af,46,0.006493506493506494,16,0.001770107312755836,chi2,0.0016848512662260729,"{0.0: 0.6819593450028233, 1.0: 0.31154714850367027, nan: 0.006493506493506494}","{0.0: 0.6616882398495408, 1.0: 0.33654165283770326, nan: 0.001770107312755836}","{0.0: 4831, 1.0: 2207, nan: 46}","{0.0: 5981, 1.0: 3042, nan: 16}"
16,prior_generator,28,0.003952569169960474,11,0.001216948777519637,chi2,0.02811837388378547,"{0.0: 0.8543195934500283, 1.0: 0.1417278373800113, nan: 0.003952569169960474}","{0.0: 0.8441199247704392, 1.0: 0.15466312645204117, nan: 0.001216948777519637}","{0.0: 6052, 1.0: 1004, nan: 28}","{0.0: 7630, 1.0: 1398, nan: 11}"
17,porcelain_aorta,44,0.006211180124223602,16,0.001770107312755836,chi2,0.007323534156042977,"{0.0: 0.9769904009034444, 1.0: 0.016798418972332016, nan: 0.006211180124223602}","{0.0: 0.9752184976214183, 1.0: 0.023011395065825866, nan: 0.001770107312755836}","{0.0: 6921, 1.0: 119, nan: 44}","{0.0: 8815, 1.0: 208, nan: 16}"
18,prior_ccf,255,0.03599661208356861,800,0.0885053656377918,chi2,6.870696322164412e-08,"{0.0: 0.6873235460191982, 1.0: 0.2766798418972332, nan: 0.03599661208356861}","{0.0: 0.6125677619205664, 1.0: 0.2989268724416418, nan: 0.0885053656377918}","{0.0: 4869, 1.0: 1960, nan: 255}","{0.0: 5537, 1.0: 2702, nan: 800}"
19,prior_stroke,32,0.004517221908526256,10,0.0011063170704723973,chi2,0.26937471478877867,"{0.0: 0.9247600225861096, 1.0: 0.07072275550536421, nan: 0.004517221908526256}","{0.0: 0.9232215953092157, 1.0: 0.07567208762031198, nan: 0.0011063170704723973}","{0.0: 6551, 1.0: 501, nan: 32}","{0.0: 8345, 1.0: 684, nan: 10}"
20,prior_tia,43,0.006070016939582157,30,0.003318951211417192,chi2,0.03606781897258937,"{0.0: 0.9319593450028233, 1.0: 0.061970638057594576, nan: 0.006070016939582157}","{0.0: 0.9260980196924439, 1.0: 0.07058302909613895, nan: 0.003318951211417192}","{0.0: 6602, 1.0: 439, nan: 43}","{0.0: 8371, 1.0: 638, nan: 30}"
21,prior_carotid_sten,74,0.010446075663466968,41,0.0045358999889368295,chi2,0.04015299191620676,"{5.0: 0.4666854884246189, 1.0: 0.427442123094297, 4.0: 0.058723884810841336, 2.0: 0.018633540372670808, 3.0: 0.018068887634105024, nan: 0.010446075663466968}","{5.0: 0.47416749640446954, 1.0: 0.4122137404580153, 4.0: 0.06803849983405244, 3.0: 0.02090939263192831, 2.0: 0.020134970682597633, nan: 0.0045358999889368295}","{5.0: 3306, 1.0: 3028, 4.0: 416, 2.0: 132, 3.0: 128, nan: 74}","{5.0: 4286, 1.0: 3726, 4.0: 615, 3.0: 189, 2.0: 182, nan: 41}"
22,prior_pad,55,0.007763975155279503,33,0.0036508463325589115,chi2,0.000414767104691963,"{0.0: 0.8653303218520609, 1.0: 0.12690570299265952, nan: 0.007763975155279503}","{0.0: 0.8494302467087067, 1.0: 0.14691890695873439, nan: 0.0036508463325589115}","{0.0: 6130, 1.0: 899, nan: 55}","{0.0: 7678, 1.0: 1328, nan: 33}"
23,smoker,52,0.007340485601355167,18,0.0019913707268503153,chi2,0.9170285342539997,"{0.0: 0.9606154714850367, 1.0: 0.03204404291360813, nan: 0.007340485601355167}","{0.0: 0.9653722756942139, 1.0: 0.032636353578935726, nan: 0.0019913707268503153}","{0.0: 6805, 1.0: 227, nan: 52}","{0.0: 8726, 1.0: 295, nan: 18}"
24,chronic_lung,280,0.039525691699604744,53,0.005863480473503706,chi2,0.013327792771380026,"{1.0: 0.6760304912478825, 2.0: 0.16304347826086957, 3.0: 0.08907396950875211, nan: 0.039525691699604744, 4.0: 0.032326369282891024}","{1.0: 0.6777298373713906, 2.0: 0.17833831176015047, 3.0: 0.0980196924438544, 4.0: 0.040048677951100786, nan: 0.005863480473503706}","{1.0: 4789, 2.0: 1155, 3.0: 631, nan: 280, 4.0: 229}","{1.0: 6126, 2.0: 1612, 3.0: 886, 4.0: 362, nan: 53}"
25,hostile_chest,48,0.006775832862789385,16,0.001770107312755836,chi2,3.0328947498466793e-09,"{0.0: 0.9604743083003953, 1.0: 0.03274985883681536, nan: 0.006775832862789385}","{0.0: 0.9459010952538998, 1.0: 0.0523287974333444, nan: 0.001770107312755836}","{0.0: 6804, 1.0: 232, nan: 48}","{0.0: 8550, 1.0: 473, nan: 16}"
26,hypertension,25,0.003529079616036138,3,0.00033189512114171923,chi2,0.3934926597746444,"{1.0: 0.7724449463579899, 0.0: 0.22402597402597402, nan: 0.003529079616036138}","{1.0: 0.7691116273924107, 0.0: 0.23055647748644761, nan: 0.00033189512114171923}","{1.0: 5472, 0.0: 1587, nan: 25}","{1.0: 6952, 0.0: 2084, nan: 3}"
27,diabetes,26,0.0036702428006775835,9,0.0009956853634251576,chi2,0.8886051664385928,"{0.0: 0.7140033879164314, 1.0: 0.282326369282891, nan: 0.0036702428006775835}","{0.0: 0.714791459232216, 1.0: 0.28421285540435887, nan: 0.0009956853634251576}","{0.0: 5058, 1.0: 2000, nan: 26}","{0.0: 6461, 1.0: 2569, nan: 9}"
28,ckd,264,0.037267080745341616,820,0.09071799977873658,chi2,2.7749446329813466e-07,"{0.0: 0.6086956521739131, 1.0: 0.35403726708074534, nan: 0.037267080745341616}","{0.0: 0.5374488328354906, 1.0: 0.37183316738577277, nan: 0.09071799977873658}","{0.0: 4312, 1.0: 2508, nan: 264}","{0.0: 4858, 1.0: 3361, nan: 820}"
29,dialysis,25,0.003529079616036138,11,0.001216948777519637,chi2,0.8764581119949072,"{0.0: 0.9778373800112931, 1.0: 0.018633540372670808, nan: 0.003529079616036138}","{0.0: 0.9796437659033079, 1.0: 0.019139285319172476, nan: 0.001216948777519637}","{0.0: 6927, 1.0: 132, nan: 25}","{0.0: 8855, 1.0: 173, nan: 11}"
30,prior_radiotherapy,39,0.005505364201016375,27,0.002987056090275473,chi2,0.6610549284472782,"{0.0: 0.9387351778656127, 1.0: 0.055759457933370976, nan: 0.005505364201016375}","{0.0: 0.9393738245381126, 1.0: 0.057639119371611904, nan: 0.002987056090275473}","{0.0: 6650, 1.0: 395, nan: 39}","{0.0: 8491, 1.0: 521, nan: 27}"
31,long_term_steroid,251,0.035431959345002824,804,0.08894789246598075,chi2,6.040442131419934e-05,"{0.0: 0.9072557876905702, 1.0: 0.05731225296442688, nan: 0.035431959345002824}","{0.0: 0.8416860272154, nan: 0.08894789246598075, 1.0: 0.06936608031861932}","{0.0: 6427, 1.0: 406, nan: 251}","{0.0: 7608, nan: 804, 1.0: 627}"
32,meds_ACE_ARB,0,0.0,0,0.0,chi2,0.20009376360471048,"{0: 0.5460191981931113, 1: 0.45398080180688877}","{0: 0.5562562230335214, 1: 0.4437437769664786}","{0: 3868, 1: 3216}","{0: 5028, 1: 4011}"
33,meds_xa_inibitor,0,0.0,0,0.0,chi2,6.564373424545174e-07,"{0: 0.9967532467532467, 1: 0.003246753246753247}","{0: 0.9900431463657484, 1: 0.009956853634251576}","{0: 7061, 1: 23}","{0: 8949, 1: 90}"
34,meds_aspirin,0,0.0,0,0.0,chi2,0.18236516484125764,"{1: 0.6216826651609261, 0: 0.378317334839074}","{1: 0.6320389423608807, 0: 0.36796105763911935}","{1: 4404, 0: 2680}","{1: 5713, 0: 3326}"
35,meds_p2y12,0,0.0,0,0.0,chi2,5.522767872628594e-23,"{0: 0.72656691134952, 1: 0.27343308865047994}","{0: 0.6537227569421397, 1: 0.3462772430578604}","{0: 5147, 1: 1937}","{0: 5909, 1: 3130}"
36,meds_beta_blocker,0,0.0,0,0.0,chi2,0.01420181993999432,"{0: 0.6939582156973462, 1: 0.3060417843026539}","{0: 0.6757384666445403, 1: 0.32426153335545965}","{0: 4916, 1: 2168}","{0: 6108, 1: 2931}"
37,meds_warfarin,0,0.0,0,0.0,chi2,0.003177477090212456,"{0: 0.9817899491812535, 1: 0.018210050818746472}","{0: 0.9747759707932293, 1: 0.02522402920677066}","{0: 6955, 1: 129}","{0: 8811, 1: 228}"
38,meds_doac,0,0.0,0,0.0,chi2,0.000724285527890887,"{0: 0.8788819875776398, 1: 0.12111801242236025}","{0: 0.8958955636685474, 1: 0.1041044363314526}","{0: 6226, 1: 858}","{0: 8098, 1: 941}"
39,meds_statins,0,0.0,0,0.0,chi2,2.179317488401116e-07,"{1: 0.581733483907397, 0: 0.41826651609260307}","{1: 0.5407677840469078, 0: 0.45923221595309216}","{1: 4121, 0: 2963}","{1: 4888, 0: 4151}"
40,meds_diuretics,0,0.0,0,0.0,chi2,0.9529854383573181,"{0: 0.7171089779785432, 1: 0.28289102202145683}","{0: 0.7165615665449718, 1: 0.2834384334550282}","{0: 5080, 1: 2004}","{0: 6477, 1: 2562}"
41,meds_none,0,0.0,0,0.0,chi2,0.006444752370968216,"{0: 0.9693675889328063, 1: 0.030632411067193676}","{0: 0.961278902533466, 1: 0.03872109746653391}","{0: 6867, 1: 217}","{0: 8689, 1: 350}"
42,nyha_status,503,0.07100508187464709,381,0.04215068038499834,chi2,1.3881491902753077e-12,"{2.0: 0.4611801242236025, 3.0: 0.40330321852060985, nan: 0.07100508187464709, 4.0: 0.043478260869565216, 1.0: 0.02103331451157538}","{3.0: 0.474388759818564, 2.0: 0.4284766013939595, nan: 0.04215068038499834, 4.0: 0.03827857063834495, 1.0: 0.0167053877641332}","{2.0: 3267, 3.0: 2857, nan: 503, 4.0: 308, 1.0: 149}","{3.0: 4288, 2.0: 3873, nan: 381, 4.0: 346, 1.0: 151}"
43,kccq_summ_bl,1079,0.1523150762281197,558,0.061732492532359774,t-test,1.2882583298862226e-10,"{'count': 6005.0, 'mean': 54.1895087427144, 'std': 22.79778272647661, 'min': 0.0, '25%': 38.0, '50%': 54.0, '75%': 71.0, 'max': 100.0}","{'count': 8481.0, 'mean': 51.711708524938096, 'std': 22.8878678812377, 'min': 0.0, '25%': 35.0, '50%': 51.0, '75%': 69.0, 'max': 100.0}",,
44,height,37,0.005223037831733484,27,0.002987056090275473,t-test,0.24634751686913378,"{'count': 7047.0, 'mean': 166.68738470271037, 'std': 10.323440257406297, 'min': 100.0, '25%': 160.0, '50%': 167.0, '75%': 175.0, 'max': 200.0}","{'count': 9012.0, 'mean': 166.49844651575677, 'std': 10.152542991946877, 'min': 104.0, '25%': 160.0, '50%': 167.0, '75%': 174.0, 'max': 258.0}",,
45,weight,29,0.00409373235460192,21,0.0023232658479920344,t-test,0.002121367844812515,"{'count': 7055.0, 'mean': 79.35861091424522, 'std': 18.196509144630095, 'min': 25.0, '25%': 67.0, '50%': 78.0, '75%': 90.0, 'max': 190.0}","{'count': 9018.0, 'mean': 78.47172322022621, 'std': 18.10499270148962, 'min': 35.0, '25%': 66.0, '50%': 77.0, '75%': 89.0, 'max': 194.0}",,
46,haemoglobin,115,0.016233766233766232,40,0.004425268281889589,t-test,0.3880014591125226,"{'count': 6969.0, 'mean': 126.11708996986656, 'std': 17.445628404512323, 'min': 68.0, '25%': 115.0, '50%': 127.0, '75%': 138.0, 'max': 268.0}","{'count': 8999.0, 'mean': 126.35492832536949, 'std': 17.031169074405422, 'min': 67.0, '25%': 115.0, '50%': 127.0, '75%': 138.0, 'max': 274.0}",,
47,platelet_count,132,0.018633540372670808,53,0.005863480473503706,t-test,0.06737243375815788,"{'count': 6952.0, 'mean': 215539.32393555812, 'std': 74268.66081191758, 'min': 25.0, '25%': 169000.0, '50%': 208000.0, '75%': 253000.0, 'max': 940000.0}","{'count': 8986.0, 'mean': 213345.92911195193, 'std': 76086.86748296065, 'min': 62.0, '25%': 168000.0, '50%': 206000.0, '75%': 251000.0, 'max': 980000.0}",,
48,albumin,591,0.0834274421230943,536,0.0592985949773205,t-test,3.3965195960264715e-08,"{'count': 6493.0, 'mean': 38.21746496226706, 'std': 4.801881105286108, 'min': 14.0, '25%': 35.0, '50%': 38.0, '75%': 41.0, 'max': 80.0}","{'count': 8503.0, 'mean': 37.79430789133247, 'std': 4.440718073199313, 'min': 15.0, '25%': 35.0, '50%': 38.0, '75%': 41.0, 'max': 93.0}",,
49,creatinine,109,0.01538678712591756,41,0.0045358999889368295,t-test,0.46141850955114583,"{'count': 6975.0, 'mean': 106.69749103942652, 'std': 72.6413179296818, 'min': 29.0, '25%': 75.0, '50%': 91.0, '75%': 115.0, 'max': 977.0}","{'count': 8998.0, 'mean': 105.87519448766392, 'std': 66.39493095107119, 'min': 27.0, '25%': 75.0, '50%': 91.0, '75%': 116.0, 'max': 1061.0}",,
50,inr,2450,0.3458498023715415,1748,0.19338422391857507,t-test,0.9149412174702194,"{'count': 4634.0, 'mean': 1.1134656883901595, 'std': 0.24760442620566686, 'min': 0.4, '25%': 1.0, '50%': 1.1, '75%': 1.1, 'max': 5.9}","{'count': 7291.0, 'mean': 1.1129598134686598, 'std': 0.25901192626182945, 'min': 0.0, '25%': 1.0, '50%': 1.1, '75%': 1.1, 'max': 6.8}",,
51,egfr_pre,313,0.04418407679277245,825,0.09127115831397278,t-test,0.0005921285288726817,"{'count': 6771.0, 'mean': 57.18093339240881, 'std': 22.566652788898015, 'min': 0.2, '25%': 43.0, '50%': 59.0, '75%': 76.0, 'max': 95.0}","{'count': 8214.0, 'mean': 55.8981616751887, 'std': 22.958557367909588, 'min': 0.9, '25%': 41.0, '50%': 58.0, '75%': 74.0, 'max': 104.0}",,
52,fev1,4968,0.7012987012987013,5604,0.6199800862927315,t-test,0.46370718822780144,"{'count': 2116.0, 'mean': 78.08525519848773, 'std': 24.08504821264206, 'min': 0.64, '25%': 64.0, '50%': 79.0, '75%': 94.0, 'max': 193.0}","{'count': 3435.0, 'mean': 78.58015138282386, 'std': 24.99867214249521, 'min': 0.52, '25%': 64.0, '50%': 80.0, '75%': 96.0, 'max': 247.0}",,
53,ecg_rhythm_sinus,0,0.0,0,0.0,chi2,0.09133074605171296,"{1: 0.7272727272727273, 0: 0.2727272727272727}","{1: 0.7151233543533577, 0: 0.28487664564664233}","{1: 5152, 0: 1932}","{1: 6464, 0: 2575}"
54,ecg_rhythm_Fib_flutter,0,0.0,0,0.0,chi2,2.0190699971538197e-10,"{0: 0.989553924336533, 1: 0.010446075663466968}","{0: 0.975992919570749, 1: 0.024007080429251024}","{0: 7010, 1: 74}","{0: 8822, 1: 217}"
55,ecg_rhythm_Fibrillation,0,0.0,0,0.0,chi2,0.25868016203345257,"{0: 0.8321569734613213, 1: 0.16784302653867872}","{0: 0.8389202345392189, 1: 0.16107976546078107}","{0: 5895, 1: 1189}","{0: 7583, 1: 1456}"
56,ecg_rhythm_flutter,0,0.0,0,0.0,chi2,0.7079091842862233,"{0: 0.9887069452286844, 1: 0.01129305477131564}","{0: 0.9879411439318508, 1: 0.012058856068149132}","{0: 7004, 1: 80}","{0: 8930, 1: 109}"
57,ecg_rhythm_paced,0,0.0,0,0.0,chi2,0.06054737770890572,"{0: 0.90527950310559, 1: 0.09472049689440994}","{0: 0.8962274587896891, 1: 0.10377254121031088}","{0: 6413, 1: 671}","{0: 8101, 1: 938}"
58,ecg_rhythm_junctional,0,0.0,0,0.0,chi2,0.8793941153400983,"{0: 0.9980237154150198, 1: 0.001976284584980237}","{0: 0.9977873658590553, 1: 0.0022126341409447947}","{0: 7070, 1: 14}","{0: 9019, 1: 20}"
59,ecg_conduct_none,0,0.0,0,0.0,chi2,0.044142471946289,"{1: 0.6405985319028797, 0: 0.35940146809712026}","{1: 0.6250691448169046, 0: 0.3749308551830955}","{1: 4538, 0: 2546}","{1: 5650, 0: 3389}"
60,ecg_conduct_RBBB,0,0.0,0,0.0,chi2,0.20872875327924997,"{0: 0.9141727837380011, 1: 0.08582721626199886}","{0: 0.9197920123907511, 1: 0.08020798760924881}","{0: 6476, 1: 608}","{0: 8314, 1: 725}"
61,ecg_conduct_LBBB,0,0.0,0,0.0,chi2,0.2211557729459014,"{0: 0.9195369847543761, 1: 0.08046301524562394}","{0: 0.9140391636242947, 1: 0.08596083637570527}","{0: 6514, 1: 570}","{0: 8262, 1: 777}"
62,ecg_conduct_1DAVBlock,0,0.0,0,0.0,chi2,0.9465866805891243,"{0: 0.8753529079616036, 1: 0.12464709203839638}","{0: 0.8748755393295718, 1: 0.12512446067042815}","{0: 6201, 1: 883}","{0: 7908, 1: 1131}"
63,ecg_conduct_2DAVBlock,0,0.0,0,0.0,chi2,0.6433228969960445,"{0: 0.9973178994918125, 1: 0.0026821005081874645}","{0: 0.99679168049563, 1: 0.0032083195043699523}","{0: 7065, 1: 19}","{0: 9010, 1: 29}"
64,ecg_conduct_3DAVBlock,0,0.0,0,0.0,chi2,0.4959087155062789,"{0: 0.9967532467532467, 1: 0.003246753246753247}","{0: 0.9974554707379135, 1: 0.002544529262086514}","{0: 7061, 1: 23}","{0: 9016, 1: 23}"
65,ecg_conduct_Paced,0,0.0,0,0.0,chi2,0.0005204738419091149,"{0: 0.9752964426877471, 1: 0.024703557312252964}","{0: 0.9831839805288196, 1: 0.01681601947118044}","{0: 6909, 1: 175}","{0: 8887, 1: 152}"
66,diseased_vessels_number,409,0.057735742518351216,831,0.09193494855625622,chi2,0.013632388426904559,"{1.0: 0.6949463579898363, 2.0: 0.15273856578204403, nan: 0.057735742518351216, 3.0: 0.056041784302653865, 4.0: 0.038537549407114624}","{1.0: 0.6530589666998562, 2.0: 0.15101228011948226, nan: 0.09193494855625622, 3.0: 0.06505144374377697, 4.0: 0.038942360880628385}","{1.0: 4923, 2.0: 1082, nan: 409, 3.0: 397, 4.0: 273}","{1.0: 5903, 2.0: 1365, nan: 831, 3.0: 588, 4.0: 352}"
67,lm_sten,250,0.035290796160361376,129,0.014271490209093926,chi2,3.2680980932876574e-08,"{0.0: 0.9385940146809713, nan: 0.035290796160361376, 1.0: 0.02611518915866742}","{0.0: 0.9424715123354354, 1.0: 0.043256997455470736, nan: 0.014271490209093926}","{0.0: 6649, nan: 250, 1.0: 185}","{0.0: 8519, 1.0: 391, nan: 129}"
68,prox_lad,256,0.03613777526821005,127,0.014050226794999447,chi2,0.06035514432376904,"{0.0: 0.8843873517786561, 1.0: 0.07947487295313382, nan: 0.03613777526821005}","{0.0: 0.8961168270826418, 1.0: 0.08983294612235866, nan: 0.014050226794999447}","{0.0: 6265, 1.0: 563, nan: 256}","{0.0: 8100, 1.0: 812, nan: 127}"
69,rv_systolic,3498,0.4937888198757764,4213,0.466091381790021,t-test,0.09726263674900908,"{'count': 3586.0, 'mean': 38.20412716118238, 'std': 13.154744480533457, 'min': 0.0, '25%': 29.0, '50%': 35.5, '75%': 44.0, 'max': 139.0}","{'count': 4826.0, 'mean': 38.69042685453792, 'std': 13.492577101254657, 'min': 0.0, '25%': 29.0, '50%': 37.0, '75%': 46.0, 'max': 136.0}",,
70,lvef_value,785,0.11081309994353472,833,0.0921562119703507,t-test,0.0003655304821720089,"{'count': 6299.0, 'mean': 57.29131608191776, 'std': 11.384685181550834, 'min': 10.0, '25%': 53.0, '50%': 60.0, '75%': 65.0, 'max': 95.0}","{'count': 8206.0, 'mean': 57.98659517426273, 'std': 11.972172312002048, 'min': 5.0, '25%': 54.0, '50%': 60.0, '75%': 65.0, 'max': 92.0}",,
71,lvef_value_scale,785,0.11081309994353472,833,0.0921562119703507,chi2,0.041442284883202785,"{1.0: 0.6548560135516657, 2.0: 0.15979672501411632, nan: 0.11081309994353472, 3.0: 0.04743083003952569, 4.0: 0.02710333145115754}","{1.0: 0.6766235203009182, 2.0: 0.14968469963491537, nan: 0.0921562119703507, 3.0: 0.05487332669543091, 4.0: 0.026662241398384776}","{1.0: 4639, 2.0: 1132, nan: 785, 3.0: 336, 4.0: 192}","{1.0: 6116, 2.0: 1353, nan: 833, 3.0: 496, 4.0: 241}"
72,lv_internal_sys_dim_value,2606,0.367871259175607,2986,0.3303462772430579,t-test,0.13109555029858821,"{'count': 4478.0, 'mean': 3.1486351049575703, 'std': 1.0192867427144678, 'min': 0.3, '25%': 2.6, '50%': 3.0, '75%': 3.6, 'max': 31.0}","{'count': 6053.0, 'mean': 3.183982488022468, 'std': 1.3830798306443424, 'min': 0.29, '25%': 2.6, '50%': 3.0, '75%': 3.6, 'max': 63.0}",,
73,lv_internal_dia_dim_value,1106,0.15612648221343872,1019,0.1127337094811373,t-test,0.26695508251289324,"{'count': 5978.0, 'mean': 4.622801605888257, 'std': 0.9514519097714603, 'min': 0.4, '25%': 4.1, '50%': 4.6, '75%': 5.1, 'max': 44.0}","{'count': 8020.0, 'mean': 4.64082493765586, 'std': 0.9483662521539338, 'min': 0.47, '25%': 4.1, '50%': 4.6, '75%': 5.1, 'max': 49.0}",,
74,septal_wall,1019,0.14384528514963296,856,0.09470074123243721,t-test,0.057718608879363795,"{'count': 6065.0, 'mean': 1.2421485572959603, 'std': 0.28290817674523233, 'min': 0.0, '25%': 1.1, '50%': 1.2, '75%': 1.4, 'max': 9.0}","{'count': 8183.0, 'mean': 1.2529716485396554, 'std': 0.3976229863628217, 'min': 0.1, '25%': 1.1, '50%': 1.2, '75%': 1.4, 'max': 15.0}",,
75,posterior_wall,1091,0.15400903444381706,945,0.10454696315964156,t-test,0.1642604382937096,"{'count': 5993.0, 'mean': 1.1530552311029534, 'std': 0.30475998093755935, 'min': 0.0, '25%': 1.0, '50%': 1.1, '75%': 1.3, 'max': 13.0}","{'count': 8094.0, 'mean': 1.1461685940202617, 'std': 0.2701122604137484, 'min': 0.0, '25%': 1.0, '50%': 1.1, '75%': 1.3, 'max': 12.0}",,
76,av_peak_vel,786,0.11095426312817618,814,0.09005420953645314,t-test,0.7234427392182369,"{'count': 6298.0, 'mean': 4.087929152111782, 'std': 0.9286036584418538, 'min': 0.0, '25%': 3.7824999999999998, '50%': 4.1, '75%': 4.5, 'max': 46.0}","{'count': 8225.0, 'mean': 4.093008255319148, 'std': 0.7538458130708218, 'min': 0.0, '25%': 3.78, '50%': 4.1, '75%': 4.5, 'max': 8.85}",,
77,av_mean_grad_tte,490,0.0691699604743083,780,0.08629273149684699,t-test,0.41758869358933237,"{'count': 6594.0, 'mean': 42.878070973612374, 'std': 14.25784724133865, 'min': 0.0, '25%': 35.0, '50%': 42.0, '75%': 50.0, 'max': 110.0}","{'count': 8259.0, 'mean': 42.69003511320983, 'std': 13.775570643703901, 'min': 2.0, '25%': 34.0, '50%': 42.0, '75%': 50.0, 'max': 132.0}",,
78,av_area_tte,914,0.12902315076228119,1291,0.14282553379798651,t-test,0.5149156501963281,"{'count': 6170.0, 'mean': 0.8382124797406807, 'std': 0.32641892616280777, 'min': 0.0, '25%': 0.7, '50%': 0.8, '75%': 0.96, 'max': 5.6}","{'count': 7748.0, 'mean': 0.8344386938564791, 'std': 0.3555128559086859, 'min': 0.17, '25%': 0.67, '50%': 0.8, '75%': 0.9, 'max': 6.84}",,
79,dp_index_tte_pre,1668,0.2354601919819311,2529,0.2797875871224693,t-test,0.045897696588298634,"{'count': 5416.0, 'mean': 0.23734551329394385, 'std': 0.08567855484909315, 'min': 0.0, '25%': 0.19, '50%': 0.22, '75%': 0.26, 'max': 1.0}","{'count': 6510.0, 'mean': 0.3061811059907834, 'std': 2.779968152256139, 'min': 0.0, '25%': 0.19, '50%': 0.22, '75%': 0.26, 'max': 191.0}",,
80,aortic_insuff,526,0.07425183512140034,223,0.02467087067153446,chi2,0.6344792343922123,"{3.0: 0.3805759457933371, 2.0: 0.2542348955392434, 1.0: 0.13481084133258045, 4.0: 0.11645962732919254, nan: 0.07425183512140034, 6.0: 0.020186335403726708, 5.0: 0.01948051948051948}","{3.0: 0.39882730390529925, 2.0: 0.27735368956743, 1.0: 0.13762584356676624, 4.0: 0.11870782166168824, nan: 0.02467087067153446, 5.0: 0.022679499944684146, 6.0: 0.020134970682597633}","{3.0: 2696, 2.0: 1801, 1.0: 955, 4.0: 825, nan: 526, 6.0: 143, 5.0: 138}","{3.0: 3605, 2.0: 2507, 1.0: 1244, 4.0: 1073, nan: 223, 5.0: 205, 6.0: 182}"
81,mitral_regurg,558,0.07876905702992659,806,0.08916915588007523,chi2,0.9841763108660645,"{3.0: 0.4203839638622247, 2.0: 0.27315076228119706, 4.0: 0.1510446075663467, nan: 0.07876905702992659, 1.0: 0.052795031055900624, 6.0: 0.016233766233766232, 5.0: 0.007622811970638058}","{3.0: 0.41542205996238524, 2.0: 0.2697201017811705, 4.0: 0.14846775085739572, nan: 0.08916915588007523, 1.0: 0.05166500719106096, 6.0: 0.017479809713463877, 5.0: 0.008076114614448501}","{3.0: 2978, 2.0: 1935, 4.0: 1070, nan: 558, 1.0: 374, 6.0: 115, 5.0: 54}","{3.0: 3755, 2.0: 2438, 4.0: 1342, nan: 806, 1.0: 467, 6.0: 158, 5.0: 73}"
82,av_disease_etiology,309,0.043619424054206664,101,0.011173802411771214,chi2,0.013194864588742741,"{1.0: 0.8869282891022021, 11.0: 0.050818746470920384, nan: 0.043619424054206664, 3.0: 0.012987012987012988, 10.0: 0.002540937323546019, 4.0: 0.0021174477696216825, 2.0: 0.0008469791078486731, 9.0: 0.0001411631846414455}","{1.0: 0.9218940148246487, 11.0: 0.05288195596858059, nan: 0.011173802411771214, 3.0: 0.007301692665117823, 10.0: 0.0034295829184644317, 4.0: 0.0023232658479920344, 2.0: 0.000885053656377918, 8.0: 0.00011063170704723974}","{1.0: 6283, 11.0: 360, nan: 309, 3.0: 92, 10.0: 18, 4.0: 15, 2.0: 6, 9.0: 1}","{1.0: 8333, 11.0: 478, nan: 101, 3.0: 66, 10.0: 31, 4.0: 21, 2.0: 8, 8.0: 1}"
83,annulus_max_dim,459,0.06479390175042349,437,0.04834605597964377,t-test,9.493813780782393e-05,"{'count': 6625.0, 'mean': 27.484981132075472, 'std': 3.0875596676802166, 'min': 3.0, '25%': 25.0, '50%': 28.0, '75%': 30.0, 'max': 45.0}","{'count': 8602.0, 'mean': 27.28353871192746, 'std': 3.2436866690219985, 'min': 2.0, '25%': 25.0, '50%': 27.0, '75%': 29.0, 'max': 93.0}",,
84,annulus_min_dim,501,0.07072275550536421,477,0.05277132426153336,t-test,0.09216539528236403,"{'count': 6583.0, 'mean': 21.95017469238949, 'std': 2.567521984907094, 'min': 12.0, '25%': 20.0, '50%': 22.0, '75%': 24.0, 'max': 38.0}","{'count': 8562.0, 'mean': 21.87841625788367, 'std': 2.639904554092815, 'min': 2.0, '25%': 20.0, '50%': 22.0, '75%': 24.0, 'max': 50.0}",,
85,perimeter,521,0.0735460191981931,589,0.06516207545082421,t-test,0.015719761051160075,"{'count': 6563.0, 'mean': 79.32909229011122, 'std': 17.61297762405319, 'min': 21.0, '25%': 73.2, '50%': 79.0, '75%': 84.5, 'max': 821.0}","{'count': 8450.0, 'mean': 78.69319644970415, 'std': 13.642232982314328, 'min': 19.3, '25%': 73.0, '50%': 78.5, '75%': 84.0, 'max': 790.0}",,
86,annulus_area_ctaort,640,0.09034443817052512,1150,0.1272264631043257,t-test,0.48833496108141194,"{'count': 6444.0, 'mean': 465.01372284295473, 'std': 125.77825526607859, 'min': 1.1, '25%': 402.0, '50%': 470.0, '75%': 539.925, 'max': 1006.5}","{'count': 7889.0, 'mean': 466.4188770439853, 'std': 114.31758340505658, 'min': 0.77, '25%': 402.0, '50%': 467.0, '75%': 537.9, 'max': 1025.0}",,
87,st_junc_diam,1372,0.19367588932806323,1600,0.1770107312755836,t-test,0.009941734052928456,"{'count': 5712.0, 'mean': 28.930217086834734, 'std': 4.199717839343711, 'min': 2.0, '25%': 26.4, '50%': 28.8, '75%': 31.4, 'max': 76.8}","{'count': 7439.0, 'mean': 28.744065062508398, 'std': 3.9760085749770697, 'min': 2.4, '25%': 26.2, '50%': 28.6, '75%': 31.0, 'max': 55.1}",,
88,valve_calc,426,0.060135516657255784,385,0.0425932072131873,chi2,9.429600264369585e-21,"{1.0: 0.8831168831168831, nan: 0.060135516657255784, 0.0: 0.056747600225861096}","{1.0: 0.8589445735147694, 0.0: 0.09846221927204336, nan: 0.0425932072131873}","{1.0: 6256, nan: 426, 0.0: 402}","{1.0: 7764, 0.0: 890, nan: 385}"
89,annualar_calc_ctaort,795,0.11222473178994918,1344,0.1486890142714902,chi2,0.04498832550691376,"{0.0: 0.46357989836250707, 1.0: 0.42419536984754375, nan: 0.11222473178994918}","{0.0: 0.42991481358557365, 1.0: 0.4213961721429362, nan: 0.1486890142714902}","{0.0: 3284, 1.0: 3005, nan: 795}","{0.0: 3886, 1.0: 3809, nan: 1344}"
90,valve_morph,416,0.058723884810841336,336,0.03717225356787255,chi2,0.000643627476528425,"{3.0: 0.8634952004517222, nan: 0.058723884810841336, 2.0: 0.048842461885940144, 5.0: 0.027809147374364764, 4.0: 0.0007058159232072275, 1.0: 0.00042348955392433656}","{3.0: 0.8835048124792566, 2.0: 0.04071246819338423, nan: 0.03717225356787255, 5.0: 0.035734041376258435, 4.0: 0.0019913707268503153, 1.0: 0.000885053656377918}","{3.0: 6117, nan: 416, 2.0: 346, 5.0: 197, 4.0: 5, 1.0: 3}","{3.0: 7986, 2.0: 368, nan: 336, 5.0: 323, 4.0: 18, 1.0: 8}"
91,aortic_sinus_dim_left,1470,0.2075098814229249,1985,0.21960393848877088,t-test,0.99018532439928,"{'count': 5614.0, 'mean': 32.35951015318845, 'std': 4.9568491173052704, 'min': 2.7, '25%': 29.9, '50%': 33.0, '75%': 35.5, 'max': 50.5}","{'count': 7054.0, 'mean': 32.36059540686135, 'std': 4.901944453114749, 'min': 1.8, '25%': 30.0, '50%': 32.8, '75%': 35.5, 'max': 63.4}",,
92,aortic_sinus_dim_right,1474,0.2080745341614907,1991,0.22026772873105432,t-test,0.04883915375759688,"{'count': 5610.0, 'mean': 31.250212121212122, 'std': 4.760657845438633, 'min': 3.1, '25%': 28.7, '50%': 31.4, '75%': 34.1, 'max': 96.1}","{'count': 7048.0, 'mean': 31.08529653802497, 'std': 4.572626349559482, 'min': 0.1, '25%': 28.6, '50%': 31.2, '75%': 34.0, 'max': 61.0}",,
93,aortic_sinus_dim_non_coron,1493,0.21075663466967814,2054,0.2272375262750304,t-test,0.322849753765754,"{'count': 5591.0, 'mean': 32.4159363262386, 'std': 4.986147359152096, 'min': 0.7, '25%': 29.8, '50%': 32.9, '75%': 35.5, 'max': 100.0}","{'count': 6985.0, 'mean': 32.32877881173944, 'std': 4.819219110552958, 'min': 2.1, '25%': 29.9, '50%': 32.6, '75%': 35.2, 'max': 99.5}",,
94,ascending_ao,878,0.12394127611518915,885,0.09790906073680716,t-test,0.047141961891414064,"{'count': 6206.0, 'mean': 33.888941347083474, 'std': 8.553354789429202, 'min': 4.0, '25%': 31.0, '50%': 33.5, '75%': 36.0, 'max': 625.0}","{'count': 8154.0, 'mean': 33.65259259259259, 'std': 4.409095907944154, 'min': 4.3, '25%': 31.0, '50%': 33.4, '75%': 36.0, 'max': 87.0}",,
95,lmca_height,422,0.05957086391869001,432,0.04779289744440757,t-test,0.02281772300227934,"{'count': 6662.0, 'mean': 14.502716901831283, 'std': 3.369748269010367, 'min': 1.4, '25%': 12.3, '50%': 14.4, '75%': 16.6, 'max': 33.0}","{'count': 8607.0, 'mean': 14.629808295573369, 'std': 3.48569820225489, 'min': 0.7, '25%': 12.4, '50%': 14.5, '75%': 16.7, 'max': 90.0}",,
96,rca_height,430,0.06070016939582157,436,0.04823542427259653,t-test,0.05700698408686644,"{'count': 6654.0, 'mean': 16.776961226330027, 'std': 3.7783397317091905, 'min': 1.4, '25%': 14.3, '50%': 16.7, '75%': 19.1, 'max': 60.0}","{'count': 8603.0, 'mean': 16.658638846913867, 'std': 3.8454007434303494, 'min': 0.0, '25%': 14.0, '50%': 16.6, '75%': 19.0, 'max': 41.0}",,
97,iliac_mld_left,980,0.1383399209486166,1105,0.12224803628719991,t-test,0.32059829819207336,"{'count': 6104.0, 'mean': 8.678643512450853, 'std': 2.24811843581229, 'min': 0.0, '25%': 7.2, '50%': 8.6, '75%': 10.0, 'max': 25.4}","{'count': 7934.0, 'mean': 8.639834887824554, 'std': 2.3543140970308194, 'min': 0.0, '25%': 7.0, '50%': 8.6, '75%': 10.0, 'max': 37.0}",,
98,iliac_mld_right,984,0.13890457368718237,1087,0.1202566655603496,t-test,0.6482699486852948,"{'count': 6100.0, 'mean': 8.754695081967213, 'std': 2.246504677256939, 'min': 0.0, '25%': 7.3, '50%': 8.8, '75%': 10.0, 'max': 22.1}","{'count': 7952.0, 'mean': 8.736856136820927, 'std': 2.3624928799150706, 'min': 0.0, '25%': 7.1, '50%': 8.7, '75%': 10.0, 'max': 28.0}",,
99,femoral_mld_left,669,0.09443817052512704,574,0.06350259984511561,t-test,0.4851791182777294,"{'count': 6415.0, 'mean': 7.596790335151988, 'std': 1.7656941601878784, 'min': 0.3, '25%': 6.4, '50%': 7.6, '75%': 8.8, 'max': 15.0}","{'count': 8465.0, 'mean': 7.576223272297696, 'std': 1.7986800570920214, 'min': 0.0, '25%': 6.4, '50%': 7.5, '75%': 8.8, 'max': 19.0}",,
100,femoral_mld_right,673,0.09500282326369283,579,0.06405575838035181,t-test,0.7382078539329306,"{'count': 6411.0, 'mean': 7.6131804710653554, 'std': 1.7563790156228356, 'min': 0.0, '25%': 6.4, '50%': 7.6, '75%': 8.8, 'max': 18.3}","{'count': 8460.0, 'mean': 7.603398345153664, 'std': 1.78207732654194, 'min': 0.0, '25%': 6.4, '50%': 7.5, '75%': 8.9, 'max': 19.3}",,
101,artery_calc,564,0.07961603613777526,438,0.04845668768669101,chi2,1.0648200588920377e-07,"{2.0: 0.48969508752117447, 1.0: 0.19367588932806323, 3.0: 0.18746470920383965, nan: 0.07961603613777526, 4.0: 0.049548277809147376}","{2.0: 0.46985285982962716, 3.0: 0.20997897997566103, 1.0: 0.20300918243168492, 4.0: 0.06870229007633588, nan: 0.04845668768669101}","{2.0: 3469, 1.0: 1372, 3.0: 1328, nan: 564, 4.0: 351}","{2.0: 4247, 3.0: 1898, 1.0: 1835, 4.0: 621, nan: 438}"
102,iliofem_tort,593,0.08370976849237718,436,0.04823542427259653,chi2,1.3539230161406822e-09,"{2.0: 0.4357707509881423, 1.0: 0.30759457933370976, 3.0: 0.14596273291925466, nan: 0.08370976849237718, 4.0: 0.026962168266516092}","{2.0: 0.407014050226795, 1.0: 0.3310100674853413, 3.0: 0.17756388981081977, nan: 0.04823542427259653, 4.0: 0.036176568204447396}","{2.0: 3087, 1.0: 2179, 3.0: 1034, nan: 593, 4.0: 191}","{2.0: 3679, 1.0: 2992, 3.0: 1605, nan: 436, 4.0: 327}"
103,high_cfa_burif,603,0.08512140033879165,440,0.04867795110078549,chi2,5.6025183508766315e-05,"{0.0: 0.8464144551101073, nan: 0.08512140033879165, 1.0: 0.06846414455110107}","{0.0: 0.8623741564332338, 1.0: 0.08894789246598075, nan: 0.04867795110078549}","{0.0: 5996, nan: 603, 1.0: 485}","{0.0: 7795, 1.0: 804, nan: 440}"
104,prev_iliofem_interv,489,0.06902879728966685,362,0.040048677951100786,chi2,2.40227566149539e-07,"{0.0: 0.8937041219649915, nan: 0.06902879728966685, 1.0: 0.037267080745341616}","{0.0: 0.9036397831618542, 1.0: 0.05631153888704503, nan: 0.040048677951100786}","{0.0: 6331, nan: 489, 1.0: 264}","{0.0: 8168, 1.0: 509, nan: 362}"
105,procedure_indic,40,0.00564652738565782,28,0.0030976877973227126,chi2,0.1094617466967726,"{1.0: 0.9126199887069453, 4.0: 0.041643139469226424, 3.0: 0.03274985883681536, 2.0: 0.007340485601355167, nan: 0.00564652738565782}","{1.0: 0.9162517977652396, 4.0: 0.04502710476822657, 3.0: 0.027104768226573737, 2.0: 0.00851864144263746, nan: 0.0030976877973227126}","{1.0: 6465, 4.0: 295, 3.0: 232, 2.0: 52, nan: 40}","{1.0: 8282, 4.0: 407, 3.0: 245, 2.0: 77, nan: 28}"
106,valve_in_valve,124,0.017504234895539244,105,0.011616329239960173,chi2,0.44510669983637596,"{0.0: 0.9193958215697347, 1.0: 0.06309994353472614, nan: 0.017504234895539244}","{0.0: 0.9217833831176016, 1.0: 0.06660028764243832, nan: 0.011616329239960173}","{0.0: 6513, 1.0: 447, nan: 124}","{0.0: 8332, 1.0: 602, nan: 105}"
107,anaesthesia,65,0.009175607001693958,31,0.0034295829184644317,chi2,8.168656257253003e-53,"{4.0: 0.6801242236024845, 2.0: 0.27752682100508186, 3.0: 0.028232636928289104, nan: 0.009175607001693958, 1.0: 0.004940711462450593}","{4.0: 0.5808164619980086, 2.0: 0.39384887708817345, 3.0: 0.020356234096692113, nan: 0.0034295829184644317, 1.0: 0.0015488438986613563}","{4.0: 4818, 2.0: 1966, 3.0: 200, nan: 65, 1.0: 35}","{4.0: 5250, 2.0: 3560, 3.0: 184, nan: 31, 1.0: 14}"
108,access_site,18,0.002540937323546019,5,0.0005531585352361987,chi2,0.01272786272009892,"{1.0: 0.9675324675324676, 11.0: 0.0266798418972332, nan: 0.002540937323546019, 4.0: 0.0012704686617730095, 10.0: 0.001129305477131564, 3.0: 0.000564652738565782, 8.0: 0.000282326369282891}","{1.0: 0.9695762805620091, 11.0: 0.024117712136298264, 4.0: 0.002987056090275473, 3.0: 0.0009956853634251576, 9.0: 0.0006637902422834385, nan: 0.0005531585352361987, 8.0: 0.0005531585352361987, 10.0: 0.00033189512114171923, 6.0: 0.0002212634140944795}","{1.0: 6854, 11.0: 189, nan: 18, 4.0: 9, 10.0: 8, 3.0: 4, 8.0: 2}","{1.0: 8764, 11.0: 218, 4.0: 27, 3.0: 9, 9.0: 6, nan: 5, 8.0: 5, 10.0: 3, 6.0: 2}"
109,access_method,15,0.0021174477696216825,6,0.0006637902422834385,chi2,0.056927924148984045,"{1.0: 0.9611801242236024, 2.0: 0.03387916431394692, nan: 0.0021174477696216825, 5.0: 0.001129305477131564, 3.0: 0.0009881422924901185, 4.0: 0.0007058159232072275}","{1.0: 0.9605044805841354, 2.0: 0.035734041376258435, 4.0: 0.001770107312755836, 3.0: 0.0011063170704723973, nan: 0.0006637902422834385, 5.0: 0.0002212634140944795}","{1.0: 6809, 2.0: 240, nan: 15, 5.0: 8, 3.0: 7, 4.0: 5}","{1.0: 8682, 2.0: 323, 4.0: 16, 3.0: 10, nan: 6, 5.0: 2}"
110,initial_bav,85,0.011998870694522868,34,0.003761478039606151,chi2,0.3947073505380754,"{0.0: 0.5295031055900621, 1.0: 0.45849802371541504, nan: 0.011998870694522868}","{0.0: 0.5270494523730501, 1.0: 0.46918906958734374, nan: 0.003761478039606151}","{0.0: 3751, 1.0: 3248, nan: 85}","{0.0: 4764, 1.0: 4241, nan: 34}"
111,device_manufacturer_1,63,0.008893280632411068,5,0.0005531585352361987,chi2,8.386911515350466e-46,"{1.0: 0.551948051948052, 2.0: 0.33582721626199885, 3.0: 0.09500282326369283, nan: 0.008893280632411068, 5.0: 0.007905138339920948, 4.0: 0.00042348955392433656}","{1.0: 0.4673083305675407, 2.0: 0.44473946232990375, 3.0: 0.07213187299480031, 5.0: 0.014935280451377365, nan: 0.0005531585352361987, 4.0: 0.00033189512114171923}","{1.0: 3910, 2.0: 2379, 3.0: 673, nan: 63, 5.0: 56, 4.0: 3}","{1.0: 4224, 2.0: 4020, 3.0: 652, 5.0: 135, nan: 5, 4.0: 3}"
112,device_model_1,57,0.008046301524562394,4,0.000442526828188959,chi2,2.2489050940095208e-242,"{1.0: 0.29785431959345005, 8.0: 0.24830604178430266, 2.0: 0.2090626764539808, 6.0: 0.12182382834556747, 3.0: 0.06380575945793338, 11.0: 0.027950310559006212, 4.0: 0.011151891586674196, nan: 0.008046301524562394, 5.0: 0.006211180124223602, 9.0: 0.003246753246753247, 10.0: 0.0018351214003387917, 12.0: 0.0007058159232072275}","{1.0: 0.3842239185750636, 2.0: 0.33720544307998673, 6.0: 0.10653833388649186, 8.0: 0.07987609248810709, 3.0: 0.05951985839141498, 4.0: 0.010731275583582254, 11.0: 0.008850536563779179, 5.0: 0.007522956079212302, 10.0: 0.003318951211417192, 9.0: 0.0011063170704723973, 12.0: 0.0006637902422834385, nan: 0.000442526828188959}","{1.0: 2110, 8.0: 1759, 2.0: 1481, 6.0: 863, 3.0: 452, 11.0: 198, 4.0: 79, nan: 57, 5.0: 44, 9.0: 23, 10.0: 13, 12.0: 5}","{1.0: 3473, 2.0: 3048, 6.0: 963, 8.0: 722, 3.0: 538, 4.0: 97, 11.0: 80, 5.0: 68, 10.0: 30, 9.0: 10, 12.0: 6, nan: 4}"
113,sts_score,1365,0.19268774703557312,894,0.09890474610023232,t-test,3.067531230129415e-20,"{'count': 5719.0, 'mean': 4.6604716908550445, 'std': 4.180475918994272, 'min': 0.0, '25%': 2.2, '50%': 3.674, '75%': 5.7, 'max': 80.91}","{'count': 8145.0, 'mean': 5.354327857581338, 'std': 4.595667500046476, 'min': 0.0, '25%': 2.6, '50%': 4.1, '75%': 6.576, 'max': 72.0}",,
114,discharge_status,6,0.0008469791078486731,1,0.00011063170704723974,,,,,,
115,fup_status_30d,1101,0.15542066629023152,73,0.008076114614448501,,,,,,
116,fup_status_12mth,7019,0.990824392998306,7,0.0007744219493306782,,,,,,
117,days_death,6834,0.9647092038396387,8551,0.946011726960947,t-test,2.5139250510545907e-95,"{'count': 250.0, 'mean': 33.776, 'std': 85.49472037998254, 'min': 0.0, '25%': 3.0, '50%': 11.5, '75%': 30.0, 'max': 1028.0}","{'count': 488.0, 'mean': 248.6372950819672, 'std': 155.93939222563105, 'min': 34.0, '25%': 132.0, '50%': 232.0, '75%': 329.0, 'max': 1171.0}",,
118,LOS,45,0.006352343308865048,6,0.0006637902422834385,t-test,0.0013375231818088945,"{'count': 7039.0, 'mean': 86.37761045603068, 'std': 1529.3262280802564, 'min': 0.0, '25%': 2.0, '50%': 4.0, '75%': 7.0, 'max': 32516.0}","{'count': 9033.0, 'mean': 23.402191962803055, 'std': 691.3278903493141, 'min': 0.0, '25%': 3.0, '50%': 4.0, '75%': 7.0, 'max': 31702.0}",,
119,days_30d_fup,1116,0.15753811405985318,72,0.007965482907401261,t-test,0.7041259093802792,"{'count': 5968.0, 'mean': 44.521950402144775, 'std': 101.7054761327907, 'min': -7218.0, '25%': 31.0, '50%': 38.0, '75%': 50.0, 'max': 1374.0}","{'count': 8967.0, 'mean': 43.976580796252925, 'std': 54.31534098312178, 'min': -3619.0, '25%': 31.0, '50%': 37.0, '75%': 49.0, 'max': 788.0}",,
120,days_12mth_fup,7084,1.0,0,0.0,,,,,,
121,proc_los,39,0.005505364201016375,2,0.0002212634140944795,,,,,,
122,discharge_status_new,0,0.0,0,0.0,t-test,3.900093236151755e-34,"{'count': 7084.0, 'mean': 1.0210333145115753, 'std': 0.14350547474444716, 'min': 1.0, '25%': 1.0, '50%': 1.0, '75%': 1.0, 'max': 2.0}","{'count': 9039.0, 'mean': 1.0001106317070472, 'std': 0.010518160820563895, 'min': 1.0, '25%': 1.0, '50%': 1.0, '75%': 1.0, 'max': 2.0}",,
123,fup_status_12mth_new,6812,0.9616036137775268,318,0.035180882841022235,t-test,5.399719739508191e-175,"{'count': 272.0, 'mean': 1.9485294117647058, 'std': 0.22136286822084486, 'min': 1.0, '25%': 2.0, '50%': 2.0, '75%': 2.0, 'max': 2.0}","{'count': 8721.0, 'mean': 1.0671941291136338, 'std': 0.2503722550402989, 'min': 1.0, '25%': 1.0, '50%': 1.0, '75%': 1.0, 'max': 2.0}",,
124,fup_status_30d_new,1025,0.14469226425748166,32,0.003540214625511672,t-test,1.1843666815784902e-57,"{'count': 6059.0, 'mean': 1.0422511965670902, 'std': 0.20117831076801906, 'min': 1.0, '25%': 1.0, '50%': 1.0, '75%': 1.0, 'max': 2.0}","{'count': 9007.0, 'mean': 1.0003330742755634, 'std': 0.018248296040158516, 'min': 1.0, '25%': 1.0, '50%': 1.0, '75%': 1.0, 'max': 2.0}",,
125,upper_bound,0,0.0,0,0.0,,,,,,
126,lower_bound,0,0.0,0,0.0,,,,,,
127,death_observed,0,0.0,0,0.0,,,,,,
128,death_in_study,0,0.0,0,0.0,chi2,1.4474555633082707e-15,"{False: 0.9618859401468097, True: 0.03811405985319029}","{False: 0.93306781723642, True: 0.06693218276358004}","{False: 6814, True: 270}","{False: 8434, True: 605}"
129,bmi,38,0.005364201016374929,30,0.003318951211417192,,,,,"{False: 6814, True: 270}","{False: 8434, True: 605}"
